order_id,customer_id,product_id,quantity,unit_price,total_price,order_date,status
ORD00001,3de814ac-9cea-467b-ba82-854ac7e2a618,P0016,5,173.31,866.55,2025-11-29,completed
ORD00002,e059a0ee-9132-463e-b162-87e4e9c349e0,P0044,6,474.87,2849.22,2026-01-21,completed
ORD00003,2b1ac76c-89ec-4c51-98cb-aa5247f53019,P0019,4,439.47,1757.88,2025-12-01,cancelled
ORD00004,5f70b951-1038-4676-8df1-172a46f2ff38,P0027,7,95.62,669.34,2025-11-14,completed
ORD00005,469ff562-8052-4405-ba84-bb5ffa6e3743,P0048,10,424.87,4248.7,2025-05-18,completed
ORD00006,24d38751-6729-4d3c-8681-8a882c154804,P0004,9,96.3,866.7,2025-05-09,completed
ORD00007,96b31f4a-80da-48ca-a230-5d271a4b1606,P0050,6,192.47,1154.82,2025-04-29,completed
ORD00008,38ba8abc-4b53-45e5-97d2-582e046a0df5,P0014,1,281.14,281.14,2025-08-09,cancelled
ORD00009,2fddb26a-1310-4665-aec2-bb19fbc398d8,P0040,8,378.24,3025.92,2026-02-21,completed
ORD00010,cf9d539c-6c2b-4781-81a9-5ee21718cfde,P0002,7,52.25,365.75,2025-05-10,cancelled
ORD00011,35ebd32d-9ad6-40ab-8821-2ddb45b89cd9,P0041,6,313.68,1882.08,2025-06-02,completed
ORD00012,6d39da75-aee7-4ab2-a1fa-8e7a078c26ce,P0039,2,481.16,962.32,2026-03-19,returned
ORD00013,925817b7-cf50-4889-a8b7-7f7b7321bf6b,P0046,3,129.22,387.66,2025-09-25,completed
ORD00014,07f97d05-f6ca-4b8b-a4b1-f99175424646,P0021,10,21.12,211.2,2025-08-05,completed
ORD00015,c75ff368-5f7d-4bb1-880a-fe9f84a6d693,P0015,3,96.17,288.51,2025-12-02,completed
ORD00016,85351a69-dabf-484e-93ff-84612a1f1b61,P0016,5,262.86,1314.3,2025-05-11,completed
ORD00017,3e83b91f-2544-4fe0-ae41-7d475ff595ea,P0033,1,160.76,160.76,2025-12-20,completed
ORD00018,16d1f5ca-ed17-4fdd-adee-003e01d96e96,P0040,4,411.2,1644.8,2025-11-07,completed
ORD00019,b1594847-5c0b-4b10-a757-cb1042f525b9,P0010,4,434.36,1737.44,2025-08-02,completed
ORD00020,64988bde-cd02-44db-ad11-15d750a46c85,P0030,5,45.58,227.9,2025-09-03,completed
ORD00021,af1d5a1a-4ccb-4355-b9d1-c7ffb27e1442,P0043,2,284.36,568.72,2025-05-22,returned
ORD00022,fe2110d0-4bbe-4aff-9326-dffd5be4bf51,P0031,4,376.19,1504.76,2026-01-17,completed
ORD00023,9e15ebcc-66d1-47f6-8659-010a4ede79b6,P0014,4,229.52,918.08,2025-07-11,completed
ORD00024,59b9222c-115a-4fac-b173-fcdf3fe1e8f3,P0012,7,363.27,2542.89,2025-11-22,completed
ORD00025,7a211151-c166-48b3-b26b-cebf7def3b8e,P0047,3,83.37,250.11,2025-12-14,returned
ORD00026,e8fb5a96-3b85-46e1-840f-54057a25ed81,P0020,3,486.78,1460.34,2025-04-20,returned
ORD00027,aa448259-5001-4b7b-ad40-67f450032b35,P0010,7,71.36,499.52,2025-09-04,completed
ORD00028,bec7fb11-7f53-4c0a-bb0d-3cda1e639261,P0014,7,388.03,2716.21,2026-02-02,cancelled
ORD00029,2518ec09-efdd-4a87-88c6-21bee1228e75,P0045,3,360.23,1080.69,2026-03-05,cancelled
ORD00030,e059a0ee-9132-463e-b162-87e4e9c349e0,P0025,10,156.35,1563.5,2025-11-29,cancelled
ORD00031,56b7979e-e46a-4b42-9cfe-cbd84fb67094,P0025,8,273.63,2189.04,2025-08-19,returned
ORD00032,56b7979e-e46a-4b42-9cfe-cbd84fb67094,P0022,8,376.53,3012.24,2026-03-26,completed
ORD00033,457083e4-653c-4f74-a507-68979afa8267,P0012,2,380.65,761.3,2026-01-28,completed
ORD00034,075072d6-2bac-4712-96a9-19e886d895e5,P0046,4,91.35,365.4,2025-09-30,completed
ORD00035,82d9a774-ea7f-4c7d-83a6-b204fc014a22,P0003,7,220.5,1543.5,2025-08-15,completed
ORD00036,4dead645-0986-4beb-b23e-323d0b9bd934,P0026,4,420.44,1681.76,2025-06-26,cancelled
ORD00037,44e9f8fb-4838-4888-9a2e-9864f8eaca36,P0020,1,493.05,493.05,2025-05-24,completed
ORD00038,c550eca8-ae62-490c-99bd-4f9378ef7666,P0014,5,488.32,2441.6,2025-11-20,returned
ORD00039,fee543b3-6e18-4184-a29f-e85be8d91a20,P0001,7,464.37,3250.59,2025-05-11,completed
ORD00040,5fb8944d-de00-48aa-8439-6fc0c26e2706,P0017,4,302.22,1208.88,2026-01-30,returned
ORD00041,d5e0a664-e4db-44c8-a817-4c8598197749,P0011,2,135.18,270.36,2025-06-26,returned
ORD00042,0ba6eab9-4639-447b-a067-bdac88bd13d1,P0026,6,237.09,1422.54,2025-11-12,completed
ORD00043,5d87edd2-1735-436b-a5a6-ab3af5757b77,P0044,7,47.4,331.8,2025-12-06,completed
ORD00044,e059a0ee-9132-463e-b162-87e4e9c349e0,P0042,1,265.52,265.52,2025-07-19,completed
ORD00045,444ea7c8-c039-4710-8976-e334e2817efd,P0037,4,198.93,795.72,2025-09-18,cancelled
ORD00046,3ec0a285-cbc4-4c0e-82ae-f6748beb4e78,P0023,8,11.74,93.92,2026-01-07,completed
ORD00047,4cc6d67e-cddb-4f9e-8130-0e684d45d885,P0007,2,298.32,596.64,2025-09-26,completed
ORD00048,f6e07cc0-6c52-449f-9b49-bd26df57c59a,P0018,3,382.41,1147.23,2025-07-14,completed
ORD00049,f73eeb07-a860-45bf-9e68-666d67b41520,P0022,5,388.0,1940.0,2026-02-02,completed
ORD00050,fee543b3-6e18-4184-a29f-e85be8d91a20,P0004,1,132.31,132.31,2025-05-09,completed
ORD00051,37fe032c-0257-4851-a6a9-e100b509109b,P0006,2,228.58,457.16,2025-08-09,completed
ORD00052,c40d4874-22ab-4752-84db-5a622e13418d,P0002,9,224.5,2020.5,2025-09-23,completed
ORD00053,b5a5f8e6-b639-4f04-a852-4385d9f2dd0d,P0015,7,215.8,1510.6,2026-04-03,completed
ORD00054,9e50aa42-ca6d-4da1-989b-c4da9b37a22b,P0036,6,373.52,2241.12,2026-01-18,returned
ORD00055,7ba109d0-8567-4805-b4f5-41c0c8c5eb2a,P0050,7,79.88,559.16,2025-08-08,completed
ORD00056,37ec07a6-4b27-4079-9c5d-3f1b54c0c6c2,P0040,2,238.8,477.6,2026-03-06,completed
ORD00057,2fddb26a-1310-4665-aec2-bb19fbc398d8,P0039,5,225.05,1125.25,2026-01-25,completed
ORD00058,c9776598-203c-4c25-bd23-5def3e5a87e3,P0014,1,315.39,315.39,2025-06-09,completed
ORD00059,582b91ee-f8e8-435b-8c00-988a7ee1011a,P0032,3,353.96,1061.88,2025-08-07,returned
ORD00060,fe9bd0e1-bca3-4653-90c7-6baa2a3c6137,P0005,9,371.96,3347.64,2025-08-20,completed
ORD00061,b1594847-5c0b-4b10-a757-cb1042f525b9,P0049,3,20.83,62.49,2025-08-29,completed
ORD00062,f45707c6-7894-4a15-8342-01db2c3aacdc,P0039,1,145.76,145.76,2025-04-19,completed
ORD00063,07f97d05-f6ca-4b8b-a4b1-f99175424646,P0019,1,279.27,279.27,2025-11-17,completed
ORD00064,bdd4c1f2-71b8-4ce0-a347-2e25ba5498fd,P0007,7,104.26,729.82,2025-12-21,completed
ORD00065,44b591f7-97ac-4aa8-bb24-88a3d36357b6,P0022,1,310.04,310.04,2025-05-07,returned
ORD00066,c847b130-dd56-430e-9de9-87a2985e7e89,P0015,1,58.03,58.03,2025-10-19,completed
ORD00067,171b1b80-09b7-4df7-bd8d-3ddd2cf149cb,P0017,4,139.23,556.92,2026-02-16,completed
ORD00068,e411a9d7-9030-4b0c-85d5-aacbd294100f,P0042,9,375.74,3381.66,2026-02-25,cancelled
ORD00069,b184d1fc-8991-401a-a2b0-3c4b7c966b55,P0045,9,229.11,2061.99,2025-09-18,returned
ORD00070,6e6a3d5b-2154-4e4a-a1cf-91fb7e81cdfa,P0010,5,130.79,653.95,2025-06-27,returned
ORD00071,ac1aa554-c3c7-4611-bfe3-fa49054f92ff,P0007,7,9.26,64.82,2025-06-29,returned
ORD00072,3e612d66-05bf-4618-a930-b0c4d5576899,P0005,1,446.17,446.17,2026-03-15,completed
ORD00073,7ba109d0-8567-4805-b4f5-41c0c8c5eb2a,P0003,5,263.02,1315.1,2026-01-29,completed
ORD00074,0d36f5e4-92a6-43e6-ab48-c6e694010dfe,P0041,2,441.7,883.4,2025-08-20,returned
ORD00075,610e6a64-e130-4617-82df-f33556666f9f,P0033,7,122.75,859.25,2025-12-17,returned
ORD00076,13e675fd-1c99-4366-88b6-2c18c355853e,P0018,4,149.33,597.32,2025-12-27,completed
ORD00077,a3e05309-b5a1-4949-a788-420992ca525a,P0014,10,29.54,295.4,2026-04-11,completed
ORD00078,d5bf1edb-3b79-4a1e-8d4f-2875df2ddf20,P0040,1,320.51,320.51,2025-11-22,completed
ORD00079,8cbadae5-7ecc-4af4-8413-4dc2c5c5ae8a,P0001,1,484.66,484.66,2025-08-16,returned
ORD00080,bdd640fb-0667-4ad1-9c80-317fa3b1799d,P0029,5,433.61,2168.05,2025-11-14,returned
ORD00081,43e458fc-63f2-4e24-bc3d-3348008d4127,P0007,1,492.52,492.52,2026-04-04,completed
ORD00082,fee543b3-6e18-4184-a29f-e85be8d91a20,P0026,5,406.35,2031.75,2025-11-28,returned
ORD00083,65daced0-460a-4125-bf8c-93d4c32afc4a,P0048,10,77.52,775.2,2025-09-17,cancelled
ORD00084,fe9bd0e1-bca3-4653-90c7-6baa2a3c6137,P0020,3,213.45,640.35,2025-06-15,completed
ORD00085,fd75a5f3-eeaf-4a83-8044-46bfd9f48bbd,P0033,5,90.9,454.5,2025-09-30,completed
ORD00086,cef74829-363e-4ef4-b8df-cc3a2acb4fbd,P0005,5,186.23,931.15,2026-01-30,completed
ORD00087,7a211151-c166-48b3-b26b-cebf7def3b8e,P0001,10,464.88,4648.8,2025-05-02,completed
ORD00088,98f3f640-f6a9-43e3-b62b-ccb149560c36,P0031,5,492.17,2460.85,2025-07-06,returned
ORD00089,1ee93260-3002-4831-b227-e8d89c60c81b,P0013,5,114.23,571.15,2025-04-18,returned
ORD00090,2f546033-6334-4a2a-8b4b-d7e7a4515ae0,P0033,4,144.53,578.12,2025-07-07,returned
ORD00091,1f873b46-c0a0-473a-a3d7-e6a119b814fc,P0048,9,80.82,727.38,2025-07-10,completed
ORD00092,d5916d49-f707-4712-88b0-4b777feb4cf3,P0002,10,80.56,805.6,2025-12-01,returned
ORD00093,1ee93260-3002-4831-b227-e8d89c60c81b,P0042,8,128.63,1029.04,2025-07-13,completed
ORD00094,ac1aa554-c3c7-4611-bfe3-fa49054f92ff,P0040,8,307.45,2459.6,2026-01-10,returned
ORD00095,f4c873a7-5a94-4a40-a32e-3ab58802d74a,P0032,1,177.44,177.44,2026-03-31,completed
ORD00096,f45707c6-7894-4a15-8342-01db2c3aacdc,P0047,4,347.99,1391.96,2025-08-16,completed
ORD00097,f1043785-658b-4523-a014-1de9f54ad0a2,P0015,6,43.78,262.68,2026-01-12,completed
ORD00098,f30ee4fe-262e-4559-be7d-9a19ab450578,P0036,5,25.04,125.2,2025-07-01,completed
ORD00099,b257e257-cc4a-402c-8f49-94e07ab16533,P0015,10,477.45,4774.5,2025-06-23,cancelled
ORD00100,78e3654b-faf1-4ff0-bb85-179ad5b077e0,P0012,5,154.23,771.15,2026-04-14,completed
ORD00101,2518ec09-efdd-4a87-88c6-21bee1228e75,P0022,10,470.48,4704.8,2025-08-27,completed
ORD00102,6c202d89-b7a6-4c32-952d-4865d7567d35,P0022,10,250.42,2504.2,2025-05-13,completed
ORD00103,939f44eb-be5e-415e-847c-c30b865a7766,P0024,3,200.96,602.88,2025-04-27,completed
ORD00104,bec7fb11-7f53-4c0a-bb0d-3cda1e639261,P0038,4,151.87,607.48,2025-05-29,completed
ORD00105,8cbadae5-7ecc-4af4-8413-4dc2c5c5ae8a,P0046,6,409.11,2454.66,2025-08-01,returned
ORD00106,4c9a9f24-d7b4-4294-bd44-089d9dd2f9de,P0007,1,274.78,274.78,2025-06-27,completed
ORD00107,5f70b951-1038-4676-8df1-172a46f2ff38,P0033,3,325.6,976.8,2025-11-17,cancelled
ORD00108,457083e4-653c-4f74-a507-68979afa8267,P0032,2,375.75,751.5,2026-01-22,completed
ORD00109,ec1b8ca1-f91e-4d4c-9ff4-9b7889463e85,P0007,7,15.38,107.66,2025-05-03,completed
ORD00110,c9776598-203c-4c25-bd23-5def3e5a87e3,P0033,2,249.87,499.74,2025-04-27,cancelled
ORD00111,dc1b9eb1-0506-436c-b8b3-842a7c2c0791,P0002,4,148.4,593.6,2025-06-28,completed
ORD00112,2b1ac76c-89ec-4c51-98cb-aa5247f53019,P0045,7,33.9,237.3,2025-06-19,completed
ORD00113,8ae769ed-de8e-4e0b-a85c-6e4a004b6fab,P0045,10,312.63,3126.3,2026-03-07,completed
ORD00114,8b0e8eb1-ad37-4d9e-92cf-60211f33242d,P0046,7,302.08,2114.56,2026-01-05,completed
ORD00115,cf9d539c-6c2b-4781-81a9-5ee21718cfde,P0029,10,301.91,3019.1,2025-08-19,completed
ORD00116,2fddb26a-1310-4665-aec2-bb19fbc398d8,P0025,8,488.4,3907.2,2025-11-05,completed
ORD00117,3ec0a285-cbc4-4c0e-82ae-f6748beb4e78,P0030,1,132.38,132.38,2025-06-21,completed
ORD00118,cd180a82-4447-4eab-84ef-4324cc1b4157,P0020,7,132.11,924.77,2025-04-24,cancelled
ORD00119,feb9ea24-933c-4d00-8680-0a0b42791490,P0023,1,20.65,20.65,2026-02-19,completed
ORD00120,075072d6-2bac-4712-96a9-19e886d895e5,P0035,1,314.02,314.02,2026-03-16,completed
ORD00121,44b591f7-97ac-4aa8-bb24-88a3d36357b6,P0011,10,50.51,505.1,2025-04-24,completed
ORD00122,07f97d05-f6ca-4b8b-a4b1-f99175424646,P0017,4,331.83,1327.32,2025-12-20,cancelled
ORD00123,fee543b3-6e18-4184-a29f-e85be8d91a20,P0038,3,151.58,454.74,2025-09-02,completed
ORD00124,8da00495-5cce-4ba9-b1d4-ee098fd33afc,P0040,10,13.34,133.4,2026-01-30,completed
ORD00125,9f294a8b-d184-4c39-8476-7556f97be2dd,P0038,7,203.64,1425.48,2025-05-27,cancelled
ORD00126,37ec07a6-4b27-4079-9c5d-3f1b54c0c6c2,P0010,10,139.34,1393.4,2026-03-25,cancelled
ORD00127,171b1b80-09b7-4df7-bd8d-3ddd2cf149cb,P0036,6,223.11,1338.66,2025-08-06,completed
ORD00128,d80213ba-af6c-4278-a633-1cc6cbeed3e3,P0013,10,256.43,2564.3,2025-07-13,cancelled
ORD00129,8da00495-5cce-4ba9-b1d4-ee098fd33afc,P0024,9,163.15,1468.35,2026-02-07,completed
ORD00130,2f14f777-5dad-448e-97d5-2b789cf3137e,P0031,3,273.58,820.74,2025-12-14,completed
ORD00131,3e83b91f-2544-4fe0-ae41-7d475ff595ea,P0010,3,241.72,725.16,2026-03-27,returned
ORD00132,bdd640fb-0667-4ad1-9c80-317fa3b1799d,P0038,10,298.53,2985.3,2026-04-09,completed
ORD00133,e411a9d7-9030-4b0c-85d5-aacbd294100f,P0001,7,366.75,2567.25,2026-04-17,completed
ORD00134,f1043785-658b-4523-a014-1de9f54ad0a2,P0026,7,214.11,1498.77,2026-03-05,completed
ORD00135,dc1b9eb1-0506-436c-b8b3-842a7c2c0791,P0045,10,220.66,2206.6,2026-03-04,completed
ORD00136,49c10669-c6b3-4fe6-9c76-bdf66c5a6c93,P0020,10,458.35,4583.5,2025-05-10,completed
ORD00137,18a73d94-a13e-466d-96c6-d99779fe7ccc,P0011,10,446.44,4464.4,2025-06-08,returned
ORD00138,987593c3-2523-42f6-b7a3-f6a6159b558b,P0008,8,333.18,2665.44,2026-03-21,completed
ORD00139,0d36f5e4-92a6-43e6-ab48-c6e694010dfe,P0012,3,472.97,1418.91,2026-02-01,returned
ORD00140,2518ec09-efdd-4a87-88c6-21bee1228e75,P0043,5,274.21,1371.05,2025-06-26,returned
ORD00141,d145bd7f-d15b-4a37-905f-86aa974e8f83,P0008,7,292.15,2045.05,2025-09-02,returned
ORD00142,c566aa81-b15e-44f6-94d3-07952e4bebc4,P0032,8,398.85,3190.8,2025-08-31,cancelled
ORD00143,e39836bb-e23d-4faa-afad-49e9c41c147e,P0050,4,446.47,1785.88,2025-11-22,completed
ORD00144,939f44eb-be5e-415e-847c-c30b865a7766,P0028,7,77.48,542.36,2026-04-09,cancelled
ORD00145,8b0e8eb1-ad37-4d9e-92cf-60211f33242d,P0002,5,92.79,463.95,2025-07-15,cancelled
ORD00146,82d9a774-ea7f-4c7d-83a6-b204fc014a22,P0007,4,300.62,1202.48,2025-05-03,completed
ORD00147,a46acc9a-9861-4260-9869-c755e85c1ec9,P0004,4,95.75,383.0,2025-11-28,completed
ORD00148,dea4ae17-54fd-4ad3-9716-108ef72169bb,P0042,5,104.26,521.3,2025-06-25,cancelled
ORD00149,b113d50b-dea0-40c6-ab9e-d274ec6a37ad,P0047,9,131.28,1181.52,2025-10-29,completed
ORD00150,2023fd4b-ab89-436b-9f6b-9b3fff594778,P0007,6,334.25,2005.5,2026-01-30,completed
ORD00151,4f9c78bf-010d-483f-9da7-6d6985b864d4,P0040,3,155.32,465.96,2025-08-14,completed
ORD00152,f30ee4fe-262e-4559-be7d-9a19ab450578,P0020,8,94.62,756.96,2025-05-06,cancelled
ORD00153,2f14f777-5dad-448e-97d5-2b789cf3137e,P0048,3,314.86,944.58,2026-02-02,completed
ORD00154,37ec07a6-4b27-4079-9c5d-3f1b54c0c6c2,P0007,1,7.17,7.17,2026-03-02,completed
ORD00155,dc1b9eb1-0506-436c-b8b3-842a7c2c0791,P0034,5,14.9,74.5,2026-02-22,cancelled
ORD00156,c074718e-425a-409f-b337-c59979844388,P0045,9,405.49,3649.41,2026-04-06,completed
ORD00157,dea4ae17-54fd-4ad3-9716-108ef72169bb,P0034,9,310.32,2792.88,2026-03-07,completed
ORD00158,cd180a82-4447-4eab-84ef-4324cc1b4157,P0040,2,363.63,727.26,2025-07-02,returned
ORD00159,cf9d539c-6c2b-4781-81a9-5ee21718cfde,P0036,4,198.25,793.0,2025-05-16,completed
ORD00160,a003cd28-ca8f-4653-89af-18f843b9da13,P0003,8,33.13,265.04,2025-10-06,completed
ORD00161,ad5229dd-639f-4471-9975-0f00d5aba8ae,P0025,8,154.84,1238.72,2025-12-15,returned
ORD00162,4cc6d67e-cddb-4f9e-8130-0e684d45d885,P0012,8,485.14,3881.12,2025-05-10,cancelled
ORD00163,cf9d539c-6c2b-4781-81a9-5ee21718cfde,P0030,1,63.01,63.01,2025-10-20,cancelled
ORD00164,54a7b69b-1cd6-4b09-8f0e-6d2b315c167a,P0026,1,170.68,170.68,2026-01-16,completed
ORD00165,22538040-7a02-4a6d-87a2-b171b02a06ee,P0023,1,250.09,250.09,2025-12-09,returned
ORD00166,002f2ca4-743e-4531-9dfb-19228aa6b006,P0009,2,56.96,113.92,2025-10-20,cancelled
ORD00167,a46acc9a-9861-4260-9869-c755e85c1ec9,P0003,10,155.01,1550.1,2025-10-16,completed
ORD00168,fd75a5f3-eeaf-4a83-8044-46bfd9f48bbd,P0046,5,213.53,1067.65,2025-10-03,returned
ORD00169,38ba8abc-4b53-45e5-97d2-582e046a0df5,P0005,9,476.58,4289.22,2025-08-12,returned
ORD00170,6facc50d-b290-4e73-b2c5-73e958c58875,P0031,6,368.49,2210.94,2025-08-31,completed
ORD00171,cf9d539c-6c2b-4781-81a9-5ee21718cfde,P0034,6,356.22,2137.32,2025-12-27,completed
ORD00172,1b332e43-a4b1-4f6a-9d2c-e51b37e82d71,P0027,10,321.25,3212.5,2026-01-03,returned
ORD00173,e059a0ee-9132-463e-b162-87e4e9c349e0,P0018,4,127.66,510.64,2025-10-15,cancelled
ORD00174,6703b636-5380-4904-a88c-7015aab97e49,P0034,5,99.4,497.0,2025-07-24,cancelled
ORD00175,1036708d-d9a0-4007-9bb4-7c18b28187c4,P0050,8,260.45,2083.6,2025-09-10,completed
ORD00176,ec1b8ca1-f91e-4d4c-9ff4-9b7889463e85,P0039,4,210.22,840.88,2026-03-20,completed
ORD00177,96b31f4a-80da-48ca-a230-5d271a4b1606,P0027,1,255.32,255.32,2025-11-16,completed
ORD00178,8b0e8eb1-ad37-4d9e-92cf-60211f33242d,P0037,3,210.83,632.49,2025-04-30,completed
ORD00179,c847b130-dd56-430e-9de9-87a2985e7e89,P0029,6,58.08,348.48,2025-07-06,completed
ORD00180,a46acc9a-9861-4260-9869-c755e85c1ec9,P0004,3,292.93,878.79,2025-06-30,returned
ORD00181,2023fd4b-ab89-436b-9f6b-9b3fff594778,P0018,10,470.41,4704.1,2026-02-26,completed
ORD00182,70e7e756-04d9-445e-b0d7-3df71c221cea,P0023,4,195.05,780.2,2025-09-08,cancelled
ORD00183,457083e4-653c-4f74-a507-68979afa8267,P0019,1,440.44,440.44,2025-08-06,completed
ORD00184,1b332e43-a4b1-4f6a-9d2c-e51b37e82d71,P0042,3,9.36,28.08,2026-03-08,completed
ORD00185,fee543b3-6e18-4184-a29f-e85be8d91a20,P0020,2,71.14,142.28,2025-11-12,completed
ORD00186,b2cf952d-a7f3-43b3-b7ba-f55e4f6b58c8,P0025,3,389.24,1167.72,2026-03-25,returned
ORD00187,c40d4874-22ab-4752-84db-5a622e13418d,P0042,7,225.59,1579.13,2025-08-31,completed
ORD00188,528a34f3-63ea-40a1-9202-b09c60b36938,P0016,6,326.77,1960.62,2025-11-04,completed
ORD00189,d80213ba-af6c-4278-a633-1cc6cbeed3e3,P0050,1,129.08,129.08,2025-06-05,completed
ORD00190,2f14f777-5dad-448e-97d5-2b789cf3137e,P0001,6,58.04,348.24,2025-05-17,returned
ORD00191,c75ff368-5f7d-4bb1-880a-fe9f84a6d693,P0014,3,10.29,30.87,2025-09-26,returned
ORD00192,bc3536df-94f7-4dba-8581-1d2d1a89b71e,P0007,9,73.08,657.72,2025-08-23,cancelled
ORD00193,b257e257-cc4a-402c-8f49-94e07ab16533,P0003,5,157.74,788.7,2025-11-16,returned
ORD00194,44b591f7-97ac-4aa8-bb24-88a3d36357b6,P0029,7,78.78,551.46,2025-10-04,returned
ORD00195,8ea035f0-49cc-453f-b469-3ec45c7ae8ef,P0001,10,383.87,3838.7,2025-11-30,cancelled
ORD00196,2f14f777-5dad-448e-97d5-2b789cf3137e,P0012,9,323.65,2912.85,2025-09-19,completed
ORD00197,fe2110d0-4bbe-4aff-9326-dffd5be4bf51,P0045,4,486.25,1945.0,2025-10-05,completed
ORD00198,13e675fd-1c99-4366-88b6-2c18c355853e,P0004,1,107.16,107.16,2025-09-13,cancelled
ORD00199,939f44eb-be5e-415e-847c-c30b865a7766,P0004,5,199.29,996.45,2026-02-05,completed
ORD00200,3de814ac-9cea-467b-ba82-854ac7e2a618,P0047,7,242.97,1700.79,2025-08-11,completed
ORD00201,4dead645-0986-4beb-b23e-323d0b9bd934,P0015,7,375.54,2628.78,2025-09-03,completed
ORD00202,c566aa81-b15e-44f6-94d3-07952e4bebc4,P0034,4,85.76,343.04,2025-06-21,completed
ORD00203,457083e4-653c-4f74-a507-68979afa8267,P0032,10,288.49,2884.9,2025-07-11,returned
ORD00204,c074718e-425a-409f-b337-c59979844388,P0035,8,418.95,3351.6,2025-12-09,completed
ORD00205,8ae769ed-de8e-4e0b-a85c-6e4a004b6fab,P0011,8,191.68,1533.44,2025-08-26,cancelled
ORD00206,9fbc879e-869c-4a8e-bd6a-b7c2a86d8706,P0005,2,367.54,735.08,2025-05-17,completed
ORD00207,7a1b5806-6160-46b4-9360-715fc3fe0183,P0013,8,205.42,1643.36,2026-02-19,completed
ORD00208,31216863-2663-4d11-9d12-2ccf3d0d3ffd,P0005,10,373.96,3739.6,2025-10-21,returned
ORD00209,96b31f4a-80da-48ca-a230-5d271a4b1606,P0007,1,80.79,80.79,2025-12-08,cancelled
ORD00210,2b1ac76c-89ec-4c51-98cb-aa5247f53019,P0046,3,354.89,1064.67,2026-01-29,completed
ORD00211,9e50aa42-ca6d-4da1-989b-c4da9b37a22b,P0001,9,336.75,3030.75,2026-03-22,cancelled
ORD00212,6d39da75-aee7-4ab2-a1fa-8e7a078c26ce,P0019,4,49.13,196.52,2025-05-23,completed
ORD00213,4dead645-0986-4beb-b23e-323d0b9bd934,P0031,7,400.96,2806.72,2025-05-13,completed
ORD00214,13769ff9-578c-4875-9231-f372bfb0942c,P0048,9,207.72,1869.48,2025-05-01,completed
ORD00215,9e15ebcc-66d1-47f6-8659-010a4ede79b6,P0039,9,325.34,2928.06,2025-06-29,completed
ORD00216,d43cdd6d-e0c1-4f1e-a0da-897258321ee4,P0041,2,416.23,832.46,2025-06-27,completed
ORD00217,78e3654b-faf1-4ff0-bb85-179ad5b077e0,P0026,5,192.44,962.2,2025-08-15,cancelled
ORD00218,075072d6-2bac-4712-96a9-19e886d895e5,P0001,8,154.96,1239.68,2025-08-05,completed
ORD00219,ad5229dd-639f-4471-9975-0f00d5aba8ae,P0029,10,495.57,4955.7,2026-02-09,cancelled
ORD00220,37ec07a6-4b27-4079-9c5d-3f1b54c0c6c2,P0024,10,306.63,3066.3,2025-12-23,completed
ORD00221,5e1b015f-6a1c-401b-959b-2b6b32dba028,P0011,6,115.68,694.08,2025-07-26,completed
ORD00222,b9a5d4d0-4237-41f1-bdac-dc5e20c0f275,P0028,4,461.23,1844.92,2025-12-31,returned
ORD00223,f4c873a7-5a94-4a40-a32e-3ab58802d74a,P0010,9,11.64,104.76,2026-04-17,cancelled
ORD00224,33304e33-deb0-4e7d-a99f-db02bcdd0b48,P0017,4,308.7,1234.8,2026-04-17,completed
ORD00225,f30ee4fe-262e-4559-be7d-9a19ab450578,P0009,6,100.79,604.74,2026-01-17,completed
ORD00226,6e6a3d5b-2154-4e4a-a1cf-91fb7e81cdfa,P0033,4,413.94,1655.76,2026-01-12,cancelled
ORD00227,fee543b3-6e18-4184-a29f-e85be8d91a20,P0038,10,386.12,3861.2,2026-03-16,cancelled
ORD00228,836b15c7-e7c2-45da-b306-958845d5a68d,P0049,7,475.11,3325.77,2025-04-20,completed
ORD00229,457083e4-653c-4f74-a507-68979afa8267,P0019,6,291.11,1746.66,2025-08-04,cancelled
ORD00230,0ba6eab9-4639-447b-a067-bdac88bd13d1,P0016,7,430.05,3010.35,2026-02-11,completed
ORD00231,bec7fb11-7f53-4c0a-bb0d-3cda1e639261,P0022,1,271.2,271.2,2026-01-28,completed
ORD00232,3de814ac-9cea-467b-ba82-854ac7e2a618,P0027,9,409.39,3684.51,2025-09-11,cancelled
ORD00233,f1043785-658b-4523-a014-1de9f54ad0a2,P0011,6,305.74,1834.44,2025-09-12,completed
ORD00234,93a74792-c561-48dc-a436-4fcdf2d3f761,P0021,9,359.89,3239.01,2025-11-15,cancelled
ORD00235,b184d1fc-8991-401a-a2b0-3c4b7c966b55,P0018,5,394.56,1972.8,2025-12-12,completed
ORD00236,56b60afc-ded2-45d0-bf1e-83664b8e63d4,P0009,1,332.62,332.62,2025-10-06,completed
ORD00237,48cd29c5-ac0e-4f71-a94d-43ed2da1afda,P0038,1,278.84,278.84,2025-10-21,completed
ORD00238,d5bf1edb-3b79-4a1e-8d4f-2875df2ddf20,P0036,1,457.34,457.34,2026-01-20,completed
ORD00239,f387e1bd-2d59-42c6-934a-5a2fa7cf705c,P0009,3,216.39,649.17,2025-06-10,returned
ORD00240,52bb530d-486f-4c8f-a4c5-dae5cd32e712,P0029,5,175.27,876.35,2025-09-09,returned
ORD00241,1f873b46-c0a0-473a-a3d7-e6a119b814fc,P0008,5,337.22,1686.1,2025-07-09,cancelled
ORD00242,6c202d89-b7a6-4c32-952d-4865d7567d35,P0012,4,41.47,165.88,2026-01-16,completed
ORD00243,13769ff9-578c-4875-9231-f372bfb0942c,P0045,1,466.07,466.07,2025-10-07,completed
ORD00244,78e3654b-faf1-4ff0-bb85-179ad5b077e0,P0021,3,400.89,1202.67,2025-10-22,returned
ORD00245,6facc50d-b290-4e73-b2c5-73e958c58875,P0038,10,481.71,4817.1,2026-01-29,cancelled
ORD00246,13769ff9-578c-4875-9231-f372bfb0942c,P0040,2,342.18,684.36,2026-01-19,cancelled
ORD00247,7a88f162-59f8-468e-9ce6-2a9f79af8348,P0044,4,107.87,431.48,2026-01-06,completed
ORD00248,aa8430f8-4f2d-4233-8e16-5b129bdc70d1,P0035,3,204.34,613.02,2025-10-02,completed
ORD00249,c4bbb7a9-d988-48dd-9c7c-737779a28903,P0019,9,221.36,1992.24,2026-01-31,completed
ORD00250,fb6bf1dc-aa7f-4e06-8569-5f97180dc855,P0041,9,35.35,318.15,2025-08-09,completed
ORD00251,bec7fb11-7f53-4c0a-bb0d-3cda1e639261,P0043,6,445.88,2675.28,2025-06-24,cancelled
ORD00252,6703b636-5380-4904-a88c-7015aab97e49,P0011,9,125.51,1129.59,2026-01-23,cancelled
ORD00253,98f3f640-f6a9-43e3-b62b-ccb149560c36,P0038,8,211.56,1692.48,2025-12-28,cancelled
ORD00254,9e50aa42-ca6d-4da1-989b-c4da9b37a22b,P0045,3,451.74,1355.22,2025-07-02,returned
ORD00255,ceb81f9d-7914-4120-88dc-d19f3e351128,P0012,3,111.17,333.51,2025-09-28,cancelled
ORD00256,7a88f162-59f8-468e-9ce6-2a9f79af8348,P0001,6,53.03,318.18,2025-11-07,completed
ORD00257,bec7fb11-7f53-4c0a-bb0d-3cda1e639261,P0015,3,477.73,1433.19,2025-09-01,cancelled
ORD00258,cd602879-f79b-4079-abb8-fe95f077671b,P0002,7,60.91,426.37,2025-11-14,returned
ORD00259,4336ffe5-6631-46a7-8c53-b74c0c9fa6e6,P0042,2,423.74,847.48,2025-06-02,completed
ORD00260,4336ffe5-6631-46a7-8c53-b74c0c9fa6e6,P0038,3,487.12,1461.36,2026-03-28,completed
ORD00261,7a211151-c166-48b3-b26b-cebf7def3b8e,P0010,8,87.37,698.96,2025-04-20,completed
ORD00262,932d1648-6769-40f1-ae01-b9e0746b161a,P0032,10,264.76,2647.6,2026-02-07,completed
ORD00263,43e458fc-63f2-4e24-bc3d-3348008d4127,P0044,8,159.68,1277.44,2026-02-16,completed
ORD00264,cf08ea54-b429-4924-8098-675047419b48,P0027,4,387.06,1548.24,2025-08-19,returned
ORD00265,43e458fc-63f2-4e24-bc3d-3348008d4127,P0038,8,371.09,2968.72,2025-09-17,returned
ORD00266,bdd4c1f2-71b8-4ce0-a347-2e25ba5498fd,P0005,10,305.34,3053.4,2025-12-23,cancelled
ORD00267,e4354021-392a-4fc4-a47a-c5915da64a3a,P0015,5,498.53,2492.65,2025-09-11,cancelled
ORD00268,56b60afc-ded2-45d0-bf1e-83664b8e63d4,P0005,5,18.35,91.75,2026-01-26,returned
ORD00269,7a211151-c166-48b3-b26b-cebf7def3b8e,P0040,9,49.76,447.84,2025-10-30,completed
ORD00270,18a73d94-a13e-466d-96c6-d99779fe7ccc,P0032,8,381.16,3049.28,2025-08-14,completed
ORD00271,6c202d89-b7a6-4c32-952d-4865d7567d35,P0006,10,336.85,3368.5,2025-04-25,returned
ORD00272,b9a5d4d0-4237-41f1-bdac-dc5e20c0f275,P0021,4,181.99,727.96,2026-01-29,returned
ORD00273,084a6780-9136-41f8-b310-46dc6202bee6,P0028,6,280.45,1682.7,2026-03-20,returned
ORD00274,932d1648-6769-40f1-ae01-b9e0746b161a,P0036,7,463.89,3247.23,2025-06-12,returned
ORD00275,084a6780-9136-41f8-b310-46dc6202bee6,P0044,5,132.89,664.45,2026-03-31,completed
ORD00276,e4354021-392a-4fc4-a47a-c5915da64a3a,P0030,9,378.52,3406.68,2025-08-15,completed
ORD00277,cf08ea54-b429-4924-8098-675047419b48,P0045,2,255.45,510.9,2025-12-03,completed
ORD00278,939f44eb-be5e-415e-847c-c30b865a7766,P0035,6,343.8,2062.8,2025-11-23,completed
ORD00279,52bb530d-486f-4c8f-a4c5-dae5cd32e712,P0037,3,383.13,1149.39,2025-11-25,completed
ORD00280,e3bcd6f3-b18d-4c8c-8fdd-bebcf7ff88d4,P0003,2,156.48,312.96,2026-02-28,cancelled
ORD00281,aa8430f8-4f2d-4233-8e16-5b129bdc70d1,P0030,4,69.89,279.56,2026-04-10,completed
ORD00282,c6319c16-5827-4c1d-93e0-f2354e80d10b,P0036,1,255.32,255.32,2025-06-30,returned
ORD00283,f387e1bd-2d59-42c6-934a-5a2fa7cf705c,P0034,2,310.98,621.96,2025-09-06,completed
ORD00284,a5b83693-8fbb-4749-9fcd-859ed6e18109,P0047,10,80.39,803.9,2025-10-29,cancelled
ORD00285,2f546033-6334-4a2a-8b4b-d7e7a4515ae0,P0022,8,493.63,3949.04,2025-06-24,cancelled
ORD00286,54a7b69b-1cd6-4b09-8f0e-6d2b315c167a,P0016,2,162.1,324.2,2025-05-26,completed
ORD00287,5e1b015f-6a1c-401b-959b-2b6b32dba028,P0020,6,281.43,1688.58,2025-11-11,cancelled
ORD00288,9803a82e-926a-4bd0-be12-5f8ff06b6c12,P0023,10,59.06,590.6,2025-09-29,completed
ORD00289,2b1ac76c-89ec-4c51-98cb-aa5247f53019,P0049,3,432.98,1298.94,2026-03-10,completed
ORD00290,af1d5a1a-4ccb-4355-b9d1-c7ffb27e1442,P0023,4,381.75,1527.0,2025-05-21,completed
ORD00291,aa8430f8-4f2d-4233-8e16-5b129bdc70d1,P0022,10,307.71,3077.1,2025-05-25,completed
ORD00292,2f546033-6334-4a2a-8b4b-d7e7a4515ae0,P0015,6,174.4,1046.4,2025-11-05,completed
ORD00293,16d1f5ca-ed17-4fdd-adee-003e01d96e96,P0018,5,29.76,148.8,2025-04-28,completed
ORD00294,3ec0a285-cbc4-4c0e-82ae-f6748beb4e78,P0020,3,415.91,1247.73,2025-12-25,completed
ORD00295,ba7e1b86-c1fa-4753-a7ef-0a4b5fb2b838,P0027,6,263.73,1582.38,2025-10-12,completed
ORD00296,a003cd28-ca8f-4653-89af-18f843b9da13,P0020,5,405.47,2027.35,2025-06-24,returned
ORD00297,5d87edd2-1735-436b-a5a6-ab3af5757b77,P0031,1,182.0,182.0,2025-05-12,completed
ORD00298,8ae769ed-de8e-4e0b-a85c-6e4a004b6fab,P0025,10,320.24,3202.4,2026-04-04,completed
ORD00299,8b0e8eb1-ad37-4d9e-92cf-60211f33242d,P0015,7,76.74,537.18,2025-07-29,completed
ORD00300,0ba6eab9-4639-447b-a067-bdac88bd13d1,P0021,10,76.14,761.4,2025-07-11,returned
ORD00301,520b28f6-48d0-4602-ba4f-fba8c4376d89,P0045,4,238.73,954.92,2025-12-14,completed
ORD00302,0ba6eab9-4639-447b-a067-bdac88bd13d1,P0004,3,403.41,1210.23,2025-05-12,completed
ORD00303,ac1aa554-c3c7-4611-bfe3-fa49054f92ff,P0038,8,416.41,3331.28,2025-05-08,returned
ORD00304,ba7e1b86-c1fa-4753-a7ef-0a4b5fb2b838,P0016,3,459.13,1377.39,2025-10-23,cancelled
ORD00305,f17e4a71-eb22-4c1d-8df6-ff4fadf792ff,P0029,3,391.55,1174.65,2025-06-18,returned
ORD00306,ba7e1b86-c1fa-4753-a7ef-0a4b5fb2b838,P0003,10,448.8,4488.0,2026-02-25,completed
ORD00307,2023fd4b-ab89-436b-9f6b-9b3fff594778,P0049,2,197.28,394.56,2025-09-14,completed
ORD00308,f4c873a7-5a94-4a40-a32e-3ab58802d74a,P0005,10,359.85,3598.5,2025-06-13,completed
ORD00309,6facc50d-b290-4e73-b2c5-73e958c58875,P0024,2,173.83,347.66,2025-05-27,cancelled
ORD00310,4d457ea5-e3ec-4f6a-be50-3fdc2294fa0a,P0047,4,102.53,410.12,2025-10-30,completed
ORD00311,b5a5f8e6-b639-4f04-a852-4385d9f2dd0d,P0007,4,11.69,46.76,2025-10-09,cancelled
ORD00312,6c202d89-b7a6-4c32-952d-4865d7567d35,P0016,2,434.15,868.3,2025-05-12,completed
ORD00313,ec1b8ca1-f91e-4d4c-9ff4-9b7889463e85,P0023,8,223.18,1785.44,2026-04-01,completed
ORD00314,7a211151-c166-48b3-b26b-cebf7def3b8e,P0032,5,119.39,596.95,2026-02-27,completed
ORD00315,457083e4-653c-4f74-a507-68979afa8267,P0047,5,80.96,404.8,2025-06-03,returned
ORD00316,939f44eb-be5e-415e-847c-c30b865a7766,P0017,8,387.46,3099.68,2025-07-01,completed
ORD00317,932d1648-6769-40f1-ae01-b9e0746b161a,P0033,4,159.88,639.52,2025-09-22,completed
ORD00318,c9776598-203c-4c25-bd23-5def3e5a87e3,P0046,10,244.25,2442.5,2026-01-01,completed
ORD00319,0a88e6ca-1dee-4b6d-bce7-5d1e2947fd26,P0013,2,343.82,687.64,2025-10-07,cancelled
ORD00320,ba7e1b86-c1fa-4753-a7ef-0a4b5fb2b838,P0046,7,166.22,1163.54,2025-11-23,completed
ORD00321,413e84bd-5aff-4594-80dd-8895d0154898,P0032,7,349.19,2444.33,2026-03-26,completed
ORD00322,62be4009-d5f0-4b6a-8596-da7574dfb83f,P0018,8,482.3,3858.4,2025-11-18,cancelled
ORD00323,4d4f6814-d385-4240-92a2-f8390acfc6ac,P0010,4,398.81,1595.24,2025-10-17,completed
ORD00324,aa448259-5001-4b7b-ad40-67f450032b35,P0048,8,307.82,2462.56,2025-12-23,completed
ORD00325,af1d5a1a-4ccb-4355-b9d1-c7ffb27e1442,P0008,2,120.08,240.16,2025-07-26,returned
ORD00326,38ba8abc-4b53-45e5-97d2-582e046a0df5,P0043,5,250.66,1253.3,2025-04-19,completed
ORD00327,cef74829-363e-4ef4-b8df-cc3a2acb4fbd,P0004,10,195.55,1955.5,2025-06-08,completed
ORD00328,b184d1fc-8991-401a-a2b0-3c4b7c966b55,P0019,3,204.91,614.73,2025-05-10,cancelled
ORD00329,7a88f162-59f8-468e-9ce6-2a9f79af8348,P0015,4,421.27,1685.08,2025-09-10,completed
ORD00330,70e7e756-04d9-445e-b0d7-3df71c221cea,P0013,8,241.81,1934.48,2026-02-06,completed
ORD00331,cf08ea54-b429-4924-8098-675047419b48,P0001,9,428.87,3859.83,2025-10-26,completed
ORD00332,b2cf952d-a7f3-43b3-b7ba-f55e4f6b58c8,P0007,4,136.95,547.8,2026-03-16,completed
ORD00333,bdd640fb-0667-4ad1-9c80-317fa3b1799d,P0001,3,190.06,570.18,2026-03-04,completed
ORD00334,85351a69-dabf-484e-93ff-84612a1f1b61,P0044,2,249.61,499.22,2025-10-02,returned
ORD00335,fd9cfbb0-d1f1-4485-829a-4a7c4c80d33a,P0033,8,497.79,3982.32,2025-11-13,cancelled
ORD00336,e3bcd6f3-b18d-4c8c-8fdd-bebcf7ff88d4,P0010,8,186.68,1493.44,2026-01-11,completed
ORD00337,cef74829-363e-4ef4-b8df-cc3a2acb4fbd,P0008,10,460.81,4608.1,2025-07-31,cancelled
ORD00338,b9a5d4d0-4237-41f1-bdac-dc5e20c0f275,P0040,7,19.24,134.68,2026-03-05,completed
ORD00339,3e0f84ce-c82f-48fd-936c-d31cf7bf5244,P0034,10,153.78,1537.8,2025-10-01,cancelled
ORD00340,ec1b8ca1-f91e-4d4c-9ff4-9b7889463e85,P0016,4,59.34,237.36,2025-12-29,completed
ORD00341,16d1f5ca-ed17-4fdd-adee-003e01d96e96,P0043,6,280.67,1684.02,2026-01-02,completed
ORD00342,457083e4-653c-4f74-a507-68979afa8267,P0019,7,485.97,3401.79,2025-08-03,returned
ORD00343,b5a5f8e6-b639-4f04-a852-4385d9f2dd0d,P0001,9,88.12,793.08,2025-11-27,completed
ORD00344,18a73d94-a13e-466d-96c6-d99779fe7ccc,P0048,10,181.89,1818.9,2026-02-07,completed
ORD00345,24d38751-6729-4d3c-8681-8a882c154804,P0037,3,397.57,1192.71,2025-06-20,completed
ORD00346,4f9c78bf-010d-483f-9da7-6d6985b864d4,P0025,3,322.38,967.14,2025-07-17,cancelled
ORD00347,cf08ea54-b429-4924-8098-675047419b48,P0010,3,359.21,1077.63,2026-03-12,completed
ORD00348,56b60afc-ded2-45d0-bf1e-83664b8e63d4,P0021,6,149.87,899.22,2026-01-10,returned
ORD00349,59b9222c-115a-4fac-b173-fcdf3fe1e8f3,P0049,6,434.62,2607.72,2025-10-01,completed
ORD00350,4d457ea5-e3ec-4f6a-be50-3fdc2294fa0a,P0003,3,340.53,1021.59,2026-03-16,completed
ORD00351,8ae769ed-de8e-4e0b-a85c-6e4a004b6fab,P0038,9,102.89,926.01,2025-06-23,completed
ORD00352,2fddb26a-1310-4665-aec2-bb19fbc398d8,P0004,3,287.7,863.1,2025-11-11,completed
ORD00353,836b15c7-e7c2-45da-b306-958845d5a68d,P0018,3,396.24,1188.72,2025-09-08,returned
ORD00354,0d36f5e4-92a6-43e6-ab48-c6e694010dfe,P0040,6,352.07,2112.42,2026-03-29,completed
ORD00355,3ec0a285-cbc4-4c0e-82ae-f6748beb4e78,P0001,3,252.17,756.51,2025-07-13,completed
ORD00356,42c21797-0426-4cc9-a55b-30e2bdc2b74b,P0036,5,399.42,1997.1,2026-03-01,cancelled
ORD00357,40b374f8-8c1a-42c7-9fa3-ed1f61584f88,P0030,7,379.87,2659.09,2025-07-26,cancelled
ORD00358,6703b636-5380-4904-a88c-7015aab97e49,P0004,9,243.29,2189.61,2025-12-02,cancelled
ORD00359,d43cdd6d-e0c1-4f1e-a0da-897258321ee4,P0016,2,47.97,95.94,2025-08-01,completed
ORD00360,56b60afc-ded2-45d0-bf1e-83664b8e63d4,P0042,5,268.43,1342.15,2026-03-18,completed
ORD00361,c6319c16-5827-4c1d-93e0-f2354e80d10b,P0011,4,26.37,105.48,2025-12-28,completed
ORD00362,fee543b3-6e18-4184-a29f-e85be8d91a20,P0037,4,257.34,1029.36,2026-01-06,completed
ORD00363,9f294a8b-d184-4c39-8476-7556f97be2dd,P0006,10,400.3,4003.0,2025-07-05,completed
ORD00364,e3bcd6f3-b18d-4c8c-8fdd-bebcf7ff88d4,P0011,4,30.92,123.68,2025-10-14,completed
ORD00365,9803a82e-926a-4bd0-be12-5f8ff06b6c12,P0043,7,382.66,2678.62,2026-04-15,returned
ORD00366,f17e4a71-eb22-4c1d-8df6-ff4fadf792ff,P0030,9,86.2,775.8,2025-11-05,completed
ORD00367,fe2110d0-4bbe-4aff-9326-dffd5be4bf51,P0034,6,385.22,2311.32,2026-04-16,returned
ORD00368,ec1b8ca1-f91e-4d4c-9ff4-9b7889463e85,P0025,5,175.32,876.6,2025-05-15,completed
ORD00369,33ee16e7-f5de-4eba-a1ae-a39be606d7c2,P0044,5,489.05,2445.25,2025-05-25,completed
ORD00370,469ff562-8052-4405-ba84-bb5ffa6e3743,P0045,8,309.63,2477.04,2026-01-22,completed
ORD00371,bec7fb11-7f53-4c0a-bb0d-3cda1e639261,P0006,6,194.12,1164.72,2025-08-14,completed
ORD00372,0ba6eab9-4639-447b-a067-bdac88bd13d1,P0014,4,368.71,1474.84,2025-09-29,cancelled
ORD00373,6c202d89-b7a6-4c32-952d-4865d7567d35,P0045,3,256.43,769.29,2025-07-18,completed
ORD00374,9803a82e-926a-4bd0-be12-5f8ff06b6c12,P0044,3,390.83,1172.49,2025-10-19,returned
ORD00375,07f97d05-f6ca-4b8b-a4b1-f99175424646,P0048,9,16.12,145.08,2025-10-03,completed
ORD00376,b113d50b-dea0-40c6-ab9e-d274ec6a37ad,P0015,8,467.32,3738.56,2025-05-13,cancelled
ORD00377,3e83b91f-2544-4fe0-ae41-7d475ff595ea,P0018,4,333.36,1333.44,2025-12-27,completed
ORD00378,2023fd4b-ab89-436b-9f6b-9b3fff594778,P0050,10,132.86,1328.6,2026-01-16,returned
ORD00379,06ac1010-2e08-49c1-853b-45fe636cf499,P0043,8,325.83,2606.64,2025-09-03,completed
ORD00380,3e0f84ce-c82f-48fd-936c-d31cf7bf5244,P0032,3,173.43,520.29,2026-01-15,completed
ORD00381,3ec0a285-cbc4-4c0e-82ae-f6748beb4e78,P0030,1,39.76,39.76,2026-02-24,cancelled
ORD00382,0a88e6ca-1dee-4b6d-bce7-5d1e2947fd26,P0019,2,125.77,251.54,2025-09-09,completed
ORD00383,859f02bb-1ee2-4f39-aed4-db8980104995,P0044,3,249.6,748.8,2025-04-20,completed
ORD00384,832920b7-c143-4426-b72f-871a45ee432d,P0037,10,63.91,639.1,2025-05-28,cancelled
ORD00385,f1043785-658b-4523-a014-1de9f54ad0a2,P0015,4,88.0,352.0,2026-03-18,completed
ORD00386,3bf0d9c1-c156-4501-b30e-96e8b9da5f8c,P0047,8,148.0,1184.0,2025-08-14,returned
ORD00387,e3bcd6f3-b18d-4c8c-8fdd-bebcf7ff88d4,P0019,10,311.02,3110.2,2026-01-16,returned
ORD00388,cd180a82-4447-4eab-84ef-4324cc1b4157,P0032,1,464.83,464.83,2025-10-11,completed
ORD00389,82d9a774-ea7f-4c7d-83a6-b204fc014a22,P0030,3,386.56,1159.68,2025-05-11,returned
ORD00390,54a7b69b-1cd6-4b09-8f0e-6d2b315c167a,P0030,7,437.37,3061.59,2025-11-03,returned
ORD00391,520b28f6-48d0-4602-ba4f-fba8c4376d89,P0034,3,458.32,1374.96,2025-07-14,completed
ORD00392,4dead645-0986-4beb-b23e-323d0b9bd934,P0037,1,312.89,312.89,2026-03-30,returned
ORD00393,bdd4c1f2-71b8-4ce0-a347-2e25ba5498fd,P0020,6,457.43,2744.58,2025-06-07,completed
ORD00394,46a56fe8-6f46-41b1-aace-1aa9103246b3,P0041,2,439.09,878.18,2026-02-11,completed
ORD00395,f45707c6-7894-4a15-8342-01db2c3aacdc,P0049,9,411.99,3707.91,2026-02-19,cancelled
ORD00396,ceb81f9d-7914-4120-88dc-d19f3e351128,P0034,7,223.72,1566.04,2025-06-18,completed
ORD00397,2023fd4b-ab89-436b-9f6b-9b3fff594778,P0018,4,299.95,1199.8,2025-04-23,completed
ORD00398,2dd0622e-266b-42ea-ab93-f78c620af158,P0044,3,19.95,59.85,2025-05-23,completed
ORD00399,feb9ea24-933c-4d00-8680-0a0b42791490,P0003,4,54.42,217.68,2025-08-02,completed
ORD00400,3de814ac-9cea-467b-ba82-854ac7e2a618,P0031,7,289.95,2029.65,2025-10-29,cancelled
ORD00401,b184d1fc-8991-401a-a2b0-3c4b7c966b55,P0024,2,208.7,417.4,2025-09-07,completed
ORD00402,171b1b80-09b7-4df7-bd8d-3ddd2cf149cb,P0034,10,237.0,2370.0,2025-05-15,completed
ORD00403,4cc6d67e-cddb-4f9e-8130-0e684d45d885,P0033,6,108.7,652.2,2026-01-21,cancelled
ORD00404,f387e1bd-2d59-42c6-934a-5a2fa7cf705c,P0023,1,449.05,449.05,2025-12-20,completed
ORD00405,44e9f8fb-4838-4888-9a2e-9864f8eaca36,P0025,9,90.69,816.21,2025-06-12,cancelled
ORD00406,6c202d89-b7a6-4c32-952d-4865d7567d35,P0014,5,150.61,753.05,2025-08-26,cancelled
ORD00407,bec7fb11-7f53-4c0a-bb0d-3cda1e639261,P0015,6,443.52,2661.12,2025-07-05,cancelled
ORD00408,6703b636-5380-4904-a88c-7015aab97e49,P0023,2,64.53,129.06,2025-04-29,cancelled
ORD00409,2518ec09-efdd-4a87-88c6-21bee1228e75,P0010,10,127.37,1273.7,2025-12-20,cancelled
ORD00410,f6e07cc0-6c52-449f-9b49-bd26df57c59a,P0003,9,44.23,398.07,2025-07-05,cancelled
ORD00411,ad5229dd-639f-4471-9975-0f00d5aba8ae,P0043,7,484.5,3391.5,2025-12-28,returned
ORD00412,cdfd9531-302b-4831-92a1-fe7ddfa59722,P0030,7,294.08,2058.56,2026-02-17,completed
ORD00413,582b91ee-f8e8-435b-8c00-988a7ee1011a,P0024,10,349.38,3493.8,2026-02-08,cancelled
ORD00414,836b15c7-e7c2-45da-b306-958845d5a68d,P0034,6,343.87,2063.22,2025-12-07,completed
ORD00415,13e675fd-1c99-4366-88b6-2c18c355853e,P0023,2,78.31,156.62,2026-01-04,completed
ORD00416,3bf0d9c1-c156-4501-b30e-96e8b9da5f8c,P0022,1,377.38,377.38,2026-03-11,completed
ORD00417,4336ffe5-6631-46a7-8c53-b74c0c9fa6e6,P0003,10,437.7,4377.0,2025-09-06,cancelled
ORD00418,1ee93260-3002-4831-b227-e8d89c60c81b,P0038,1,36.71,36.71,2025-08-07,completed
ORD00419,16d1f5ca-ed17-4fdd-adee-003e01d96e96,P0008,1,88.8,88.8,2025-05-06,returned
ORD00420,44b591f7-97ac-4aa8-bb24-88a3d36357b6,P0008,8,296.43,2371.44,2025-04-18,completed
ORD00421,582b91ee-f8e8-435b-8c00-988a7ee1011a,P0021,2,322.61,645.22,2026-01-24,completed
ORD00422,1b332e43-a4b1-4f6a-9d2c-e51b37e82d71,P0033,10,17.81,178.1,2026-01-22,completed
ORD00423,3de814ac-9cea-467b-ba82-854ac7e2a618,P0015,8,192.99,1543.92,2026-03-22,completed
ORD00424,64988bde-cd02-44db-ad11-15d750a46c85,P0021,9,11.95,107.55,2025-09-01,completed
ORD00425,5fb8944d-de00-48aa-8439-6fc0c26e2706,P0044,7,486.05,3402.35,2025-07-13,completed
ORD00426,18a73d94-a13e-466d-96c6-d99779fe7ccc,P0036,5,471.98,2359.9,2025-05-20,completed
ORD00427,b9a5d4d0-4237-41f1-bdac-dc5e20c0f275,P0014,9,254.13,2287.17,2025-09-18,completed
ORD00428,3ec0a285-cbc4-4c0e-82ae-f6748beb4e78,P0011,2,278.44,556.88,2026-04-14,completed
ORD00429,fe2110d0-4bbe-4aff-9326-dffd5be4bf51,P0023,7,309.62,2167.34,2025-08-18,completed
ORD00430,e3bcd6f3-b18d-4c8c-8fdd-bebcf7ff88d4,P0016,1,44.51,44.51,2025-06-26,completed
ORD00431,f63471f8-7b45-4d9c-948c-7eb41cf8570b,P0032,2,158.14,316.28,2025-12-17,completed
ORD00432,a46acc9a-9861-4260-9869-c755e85c1ec9,P0015,8,102.15,817.2,2025-07-06,completed
ORD00433,33ee16e7-f5de-4eba-a1ae-a39be606d7c2,P0002,2,286.17,572.34,2026-03-05,completed
ORD00434,610e6a64-e130-4617-82df-f33556666f9f,P0046,2,392.48,784.96,2026-02-02,completed
ORD00435,3e83b91f-2544-4fe0-ae41-7d475ff595ea,P0019,7,194.11,1358.77,2026-02-14,completed
ORD00436,f30ee4fe-262e-4559-be7d-9a19ab450578,P0040,7,161.28,1128.96,2025-06-17,completed
ORD00437,cf08ea54-b429-4924-8098-675047419b48,P0045,10,461.22,4612.2,2025-06-17,completed
ORD00438,925817b7-cf50-4889-a8b7-7f7b7321bf6b,P0044,5,487.52,2437.6,2025-09-16,completed
ORD00439,f165d779-0154-4950-976d-e21f1b46ebdc,P0025,6,124.62,747.72,2025-05-26,completed
ORD00440,b2cf952d-a7f3-43b3-b7ba-f55e4f6b58c8,P0027,6,293.08,1758.48,2025-08-14,completed
ORD00441,f73eeb07-a860-45bf-9e68-666d67b41520,P0047,7,295.01,2065.07,2025-11-08,completed
ORD00442,d5e0a664-e4db-44c8-a817-4c8598197749,P0033,5,244.26,1221.3,2025-06-25,completed
ORD00443,f45707c6-7894-4a15-8342-01db2c3aacdc,P0024,4,261.99,1047.96,2025-07-01,returned
ORD00444,5fb8944d-de00-48aa-8439-6fc0c26e2706,P0014,2,235.13,470.26,2025-11-01,completed
ORD00445,3e83b91f-2544-4fe0-ae41-7d475ff595ea,P0010,3,173.29,519.87,2026-03-26,completed
ORD00446,bdd640fb-0667-4ad1-9c80-317fa3b1799d,P0050,9,254.07,2286.63,2025-05-31,completed
ORD00447,fee543b3-6e18-4184-a29f-e85be8d91a20,P0022,8,286.29,2290.32,2025-07-04,returned
ORD00448,43e458fc-63f2-4e24-bc3d-3348008d4127,P0018,3,477.95,1433.85,2025-08-25,completed
ORD00449,c4bbb7a9-d988-48dd-9c7c-737779a28903,P0039,7,340.71,2384.97,2025-06-19,returned
ORD00450,bdd640fb-0667-4ad1-9c80-317fa3b1799d,P0024,3,124.35,373.05,2025-09-11,cancelled
ORD00451,2518ec09-efdd-4a87-88c6-21bee1228e75,P0036,10,42.23,422.3,2025-08-10,completed
ORD00452,aa8430f8-4f2d-4233-8e16-5b129bdc70d1,P0035,9,325.06,2925.54,2025-09-06,completed
ORD00453,b5a5f8e6-b639-4f04-a852-4385d9f2dd0d,P0029,7,345.13,2415.91,2025-10-01,returned
ORD00454,6c202d89-b7a6-4c32-952d-4865d7567d35,P0038,8,384.69,3077.52,2025-05-11,completed
ORD00455,8b0e8eb1-ad37-4d9e-92cf-60211f33242d,P0045,2,98.25,196.5,2026-02-09,completed
ORD00456,98f3f640-f6a9-43e3-b62b-ccb149560c36,P0001,9,318.21,2863.89,2025-12-10,cancelled
ORD00457,5d87edd2-1735-436b-a5a6-ab3af5757b77,P0024,8,193.24,1545.92,2025-08-30,returned
ORD00458,62be4009-d5f0-4b6a-8596-da7574dfb83f,P0031,6,164.84,989.04,2025-05-11,cancelled
ORD00459,cf9d539c-6c2b-4781-81a9-5ee21718cfde,P0007,9,248.84,2239.56,2025-07-05,completed
ORD00460,e4354021-392a-4fc4-a47a-c5915da64a3a,P0050,6,140.58,843.48,2025-08-05,cancelled
ORD00461,162534ca-9b47-4639-8d25-51ebaf95be79,P0035,9,94.04,846.36,2025-11-22,completed
ORD00462,859f02bb-1ee2-4f39-aed4-db8980104995,P0009,10,348.26,3482.6,2026-04-11,completed
ORD00463,f17e4a71-eb22-4c1d-8df6-ff4fadf792ff,P0042,3,136.72,410.16,2025-05-24,returned
ORD00464,4dead645-0986-4beb-b23e-323d0b9bd934,P0005,10,175.07,1750.7,2025-10-30,cancelled
ORD00465,62be4009-d5f0-4b6a-8596-da7574dfb83f,P0028,5,318.5,1592.5,2026-04-14,returned
ORD00466,5f70b951-1038-4676-8df1-172a46f2ff38,P0044,10,331.81,3318.1,2026-02-22,cancelled
ORD00467,0d36f5e4-92a6-43e6-ab48-c6e694010dfe,P0017,9,177.53,1597.77,2025-06-18,completed
ORD00468,f165d779-0154-4950-976d-e21f1b46ebdc,P0046,7,163.87,1147.09,2026-04-03,completed
ORD00469,610e6a64-e130-4617-82df-f33556666f9f,P0035,9,342.02,3078.18,2025-11-22,returned
ORD00470,cef74829-363e-4ef4-b8df-cc3a2acb4fbd,P0005,10,271.43,2714.3,2026-04-11,completed
ORD00471,9e50aa42-ca6d-4da1-989b-c4da9b37a22b,P0022,7,307.61,2153.27,2025-12-27,returned
ORD00472,f387e1bd-2d59-42c6-934a-5a2fa7cf705c,P0021,9,382.77,3444.93,2025-12-21,completed
ORD00473,85351a69-dabf-484e-93ff-84612a1f1b61,P0039,8,249.02,1992.16,2026-04-07,returned
ORD00474,48cd29c5-ac0e-4f71-a94d-43ed2da1afda,P0004,9,481.17,4330.53,2025-12-26,completed
ORD00475,59b9222c-115a-4fac-b173-fcdf3fe1e8f3,P0036,6,300.57,1803.42,2025-08-16,completed
ORD00476,c75ff368-5f7d-4bb1-880a-fe9f84a6d693,P0003,10,56.85,568.5,2025-12-05,completed
ORD00477,38ba8abc-4b53-45e5-97d2-582e046a0df5,P0038,2,489.11,978.22,2026-03-06,completed
ORD00478,19ec0829-0db5-4441-a837-f4186f27c1b9,P0013,2,297.06,594.12,2025-08-11,completed
ORD00479,3bf0d9c1-c156-4501-b30e-96e8b9da5f8c,P0029,7,337.72,2364.04,2026-02-22,cancelled
ORD00480,9e50aa42-ca6d-4da1-989b-c4da9b37a22b,P0025,4,210.82,843.28,2025-10-10,completed
ORD00481,44b591f7-97ac-4aa8-bb24-88a3d36357b6,P0040,7,218.04,1526.28,2025-08-17,completed
ORD00482,fd75a5f3-eeaf-4a83-8044-46bfd9f48bbd,P0037,1,91.6,91.6,2025-11-25,cancelled
ORD00483,c40d4874-22ab-4752-84db-5a622e13418d,P0009,8,128.1,1024.8,2025-11-17,cancelled
ORD00484,4336ffe5-6631-46a7-8c53-b74c0c9fa6e6,P0023,1,20.02,20.02,2025-09-03,completed
ORD00485,af1d5a1a-4ccb-4355-b9d1-c7ffb27e1442,P0040,6,390.38,2342.28,2025-12-07,cancelled
ORD00486,9803a82e-926a-4bd0-be12-5f8ff06b6c12,P0035,2,31.72,63.44,2025-07-11,returned
ORD00487,925817b7-cf50-4889-a8b7-7f7b7321bf6b,P0029,2,360.18,720.36,2025-11-18,cancelled
ORD00488,1036708d-d9a0-4007-9bb4-7c18b28187c4,P0041,3,420.12,1260.36,2026-04-13,cancelled
ORD00489,a2317211-8578-41c6-b7eb-c69ab4280f0d,P0010,9,400.57,3605.13,2025-07-11,completed
ORD00490,e39836bb-e23d-4faa-afad-49e9c41c147e,P0007,6,27.78,166.68,2025-11-28,cancelled
ORD00491,939f44eb-be5e-415e-847c-c30b865a7766,P0012,8,130.47,1043.76,2026-03-11,completed
ORD00492,ceb81f9d-7914-4120-88dc-d19f3e351128,P0014,5,390.33,1951.65,2025-08-08,completed
ORD00493,f73eeb07-a860-45bf-9e68-666d67b41520,P0024,4,440.52,1762.08,2026-01-12,completed
ORD00494,50fd9d3f-85d5-4695-90b2-b633956b8c0c,P0026,8,14.96,119.68,2026-01-19,completed
ORD00495,c40d4874-22ab-4752-84db-5a622e13418d,P0013,10,180.1,1801.0,2025-11-29,completed
ORD00496,43e458fc-63f2-4e24-bc3d-3348008d4127,P0006,6,171.43,1028.58,2025-05-08,returned
ORD00497,96b31f4a-80da-48ca-a230-5d271a4b1606,P0014,9,455.78,4102.02,2025-09-01,returned
ORD00498,3bf0d9c1-c156-4501-b30e-96e8b9da5f8c,P0026,1,174.32,174.32,2025-08-03,completed
ORD00499,9fbc879e-869c-4a8e-bd6a-b7c2a86d8706,P0003,5,233.42,1167.1,2025-06-11,completed
ORD00500,f73eeb07-a860-45bf-9e68-666d67b41520,P0019,4,34.86,139.44,2025-06-30,cancelled
ORD00501,ca1fbff2-2823-442c-9a87-e3574b8fb475,P0045,7,80.59,564.13,2025-04-30,cancelled
ORD00502,caf07226-7e00-4029-847f-9b05851b5f38,P0021,9,110.39,993.51,2026-03-20,completed
ORD00503,9e50aa42-ca6d-4da1-989b-c4da9b37a22b,P0048,2,345.56,691.12,2025-11-21,completed
ORD00504,af1d5a1a-4ccb-4355-b9d1-c7ffb27e1442,P0047,10,499.31,4993.1,2026-03-29,completed
ORD00505,0ba6eab9-4639-447b-a067-bdac88bd13d1,P0046,3,120.73,362.19,2026-01-12,completed
ORD00506,3e83b91f-2544-4fe0-ae41-7d475ff595ea,P0031,2,457.48,914.96,2025-08-15,cancelled
ORD00507,c550eca8-ae62-490c-99bd-4f9378ef7666,P0038,4,449.53,1798.12,2025-07-27,completed
ORD00508,3bf0d9c1-c156-4501-b30e-96e8b9da5f8c,P0028,6,160.85,965.1,2025-12-08,cancelled
ORD00509,06ac1010-2e08-49c1-853b-45fe636cf499,P0031,3,219.95,659.85,2026-01-20,returned
ORD00510,3e83b91f-2544-4fe0-ae41-7d475ff595ea,P0025,8,327.58,2620.64,2025-10-24,completed
ORD00511,2b1ac76c-89ec-4c51-98cb-aa5247f53019,P0008,1,21.67,21.67,2026-04-09,completed
ORD00512,987593c3-2523-42f6-b7a3-f6a6159b558b,P0018,3,35.71,107.13,2025-12-10,completed
ORD00513,1036708d-d9a0-4007-9bb4-7c18b28187c4,P0005,4,333.5,1334.0,2025-07-31,completed
ORD00514,d5bf1edb-3b79-4a1e-8d4f-2875df2ddf20,P0028,2,408.28,816.56,2025-04-25,completed
ORD00515,85351a69-dabf-484e-93ff-84612a1f1b61,P0029,4,59.75,239.0,2026-02-20,completed
ORD00516,528a34f3-63ea-40a1-9202-b09c60b36938,P0024,2,38.31,76.62,2025-08-16,completed
ORD00517,52bb530d-486f-4c8f-a4c5-dae5cd32e712,P0048,8,119.95,959.6,2025-07-14,cancelled
ORD00518,c6319c16-5827-4c1d-93e0-f2354e80d10b,P0040,1,333.27,333.27,2025-10-31,completed
ORD00519,cf08ea54-b429-4924-8098-675047419b48,P0002,7,111.33,779.31,2026-03-14,completed
ORD00520,832920b7-c143-4426-b72f-871a45ee432d,P0004,3,369.44,1108.32,2025-12-16,returned
ORD00521,fee543b3-6e18-4184-a29f-e85be8d91a20,P0013,1,65.97,65.97,2025-07-16,completed
ORD00522,49c10669-c6b3-4fe6-9c76-bdf66c5a6c93,P0016,5,165.44,827.2,2025-12-24,completed
ORD00523,65daced0-460a-4125-bf8c-93d4c32afc4a,P0042,9,89.52,805.68,2026-01-05,completed
ORD00524,44b591f7-97ac-4aa8-bb24-88a3d36357b6,P0024,8,142.3,1138.4,2025-11-25,returned
ORD00525,fb6bf1dc-aa7f-4e06-8569-5f97180dc855,P0012,1,257.01,257.01,2025-09-03,cancelled
ORD00526,a8fc5690-e9b1-44a1-9a22-1b85a9b92a1d,P0036,9,290.81,2617.29,2025-08-12,returned
ORD00527,a46acc9a-9861-4260-9869-c755e85c1ec9,P0030,7,57.06,399.42,2025-09-25,completed
ORD00528,f6e07cc0-6c52-449f-9b49-bd26df57c59a,P0031,2,486.41,972.82,2025-04-19,completed
ORD00529,582b91ee-f8e8-435b-8c00-988a7ee1011a,P0015,3,244.12,732.36,2026-03-01,cancelled
ORD00530,932d1648-6769-40f1-ae01-b9e0746b161a,P0043,4,271.67,1086.68,2025-05-12,completed
ORD00531,cf08ea54-b429-4924-8098-675047419b48,P0024,10,177.33,1773.3,2025-06-26,returned
ORD00532,7a88f162-59f8-468e-9ce6-2a9f79af8348,P0027,4,258.82,1035.28,2025-12-05,returned
ORD00533,fbc8c77e-2933-4fc4-8918-a346c00c200c,P0026,6,481.85,2891.1,2025-06-07,completed
ORD00534,9fbc879e-869c-4a8e-bd6a-b7c2a86d8706,P0004,8,318.33,2546.64,2025-06-30,returned
ORD00535,a3e05309-b5a1-4949-a788-420992ca525a,P0019,6,261.17,1567.02,2025-05-20,returned
ORD00536,c9776598-203c-4c25-bd23-5def3e5a87e3,P0050,4,490.8,1963.2,2025-11-19,completed
ORD00537,c40d4874-22ab-4752-84db-5a622e13418d,P0032,9,183.59,1652.31,2026-02-15,completed
ORD00538,f204be89-4a4b-4563-8cf4-77ef18c8a616,P0044,6,135.35,812.1,2026-03-24,returned
ORD00539,38ba8abc-4b53-45e5-97d2-582e046a0df5,P0011,8,289.44,2315.52,2025-07-12,completed
ORD00540,457083e4-653c-4f74-a507-68979afa8267,P0002,8,14.03,112.24,2025-05-15,returned
ORD00541,50fd9d3f-85d5-4695-90b2-b633956b8c0c,P0003,8,105.92,847.36,2026-01-07,completed
ORD00542,3de814ac-9cea-467b-ba82-854ac7e2a618,P0021,8,272.46,2179.68,2025-08-08,returned
ORD00543,62be4009-d5f0-4b6a-8596-da7574dfb83f,P0026,5,55.96,279.8,2026-01-06,completed
ORD00544,50fd9d3f-85d5-4695-90b2-b633956b8c0c,P0022,7,364.79,2553.53,2025-07-15,cancelled
ORD00545,9f294a8b-d184-4c39-8476-7556f97be2dd,P0004,10,227.81,2278.1,2025-06-20,cancelled
ORD00546,56b7979e-e46a-4b42-9cfe-cbd84fb67094,P0005,8,100.7,805.6,2025-07-17,completed
ORD00547,3e612d66-05bf-4618-a930-b0c4d5576899,P0036,3,106.76,320.28,2025-07-30,completed
ORD00548,2518ec09-efdd-4a87-88c6-21bee1228e75,P0009,6,174.06,1044.36,2025-09-28,completed
ORD00549,7a211151-c166-48b3-b26b-cebf7def3b8e,P0009,3,439.04,1317.12,2025-12-05,returned
ORD00550,4c9a9f24-d7b4-4294-bd44-089d9dd2f9de,P0027,2,388.7,777.4,2025-07-25,completed
ORD00551,2518ec09-efdd-4a87-88c6-21bee1228e75,P0020,2,480.37,960.74,2026-01-27,returned
ORD00552,162534ca-9b47-4639-8d25-51ebaf95be79,P0025,4,132.89,531.56,2025-05-16,cancelled
ORD00553,40b374f8-8c1a-42c7-9fa3-ed1f61584f88,P0035,9,39.55,355.95,2026-04-07,returned
ORD00554,74246baa-2dca-4c82-8660-a3e9736d417c,P0021,7,14.46,101.22,2025-09-09,cancelled
ORD00555,bdd4c1f2-71b8-4ce0-a347-2e25ba5498fd,P0050,7,226.89,1588.23,2025-06-17,cancelled
ORD00556,b5a5f8e6-b639-4f04-a852-4385d9f2dd0d,P0028,1,96.48,96.48,2025-09-25,cancelled
ORD00557,caf07226-7e00-4029-847f-9b05851b5f38,P0001,2,14.36,28.72,2025-10-18,returned
ORD00558,987593c3-2523-42f6-b7a3-f6a6159b558b,P0013,10,413.15,4131.5,2026-01-10,completed
ORD00559,65daced0-460a-4125-bf8c-93d4c32afc4a,P0018,9,421.88,3796.92,2026-01-20,cancelled
ORD00560,610e6a64-e130-4617-82df-f33556666f9f,P0001,4,261.46,1045.84,2026-02-10,completed
ORD00561,fee543b3-6e18-4184-a29f-e85be8d91a20,P0033,2,157.89,315.78,2026-02-01,completed
ORD00562,4336ffe5-6631-46a7-8c53-b74c0c9fa6e6,P0029,1,320.31,320.31,2025-04-24,cancelled
ORD00563,3e612d66-05bf-4618-a930-b0c4d5576899,P0038,2,466.12,932.24,2025-09-03,returned
ORD00564,43e458fc-63f2-4e24-bc3d-3348008d4127,P0043,10,211.06,2110.6,2026-02-23,completed
ORD00565,4336ffe5-6631-46a7-8c53-b74c0c9fa6e6,P0031,10,72.67,726.7,2026-01-19,completed
ORD00566,ac1aa554-c3c7-4611-bfe3-fa49054f92ff,P0016,7,370.43,2593.01,2026-03-20,completed
ORD00567,939f44eb-be5e-415e-847c-c30b865a7766,P0038,10,469.54,4695.4,2025-11-20,cancelled
ORD00568,33304e33-deb0-4e7d-a99f-db02bcdd0b48,P0030,7,367.49,2572.43,2025-06-11,completed
ORD00569,78e3654b-faf1-4ff0-bb85-179ad5b077e0,P0036,2,65.23,130.46,2026-01-07,completed
ORD00570,13769ff9-578c-4875-9231-f372bfb0942c,P0032,9,324.65,2921.85,2025-07-20,completed
ORD00571,7a88f162-59f8-468e-9ce6-2a9f79af8348,P0019,8,48.44,387.52,2025-10-03,returned
ORD00572,56b60afc-ded2-45d0-bf1e-83664b8e63d4,P0015,6,53.48,320.88,2025-09-30,returned
ORD00573,752366ce-fc95-4bba-a818-4f34e4917f7d,P0020,9,197.0,1773.0,2025-09-01,completed
ORD00574,4c9a9f24-d7b4-4294-bd44-089d9dd2f9de,P0048,8,463.95,3711.6,2025-11-24,cancelled
ORD00575,fb6bf1dc-aa7f-4e06-8569-5f97180dc855,P0017,9,421.37,3792.33,2025-05-13,completed
ORD00576,171b1b80-09b7-4df7-bd8d-3ddd2cf149cb,P0026,7,371.13,2597.91,2025-06-06,completed
ORD00577,8ea035f0-49cc-453f-b469-3ec45c7ae8ef,P0015,3,405.96,1217.88,2025-10-05,completed
ORD00578,7fc5ae23-b9a6-4d75-acb9-6a2cd68e51f0,P0003,2,232.06,464.12,2025-06-12,completed
ORD00579,171b1b80-09b7-4df7-bd8d-3ddd2cf149cb,P0039,3,396.79,1190.37,2025-06-25,completed
ORD00580,f45707c6-7894-4a15-8342-01db2c3aacdc,P0004,9,246.42,2217.78,2025-04-21,completed
ORD00581,06ac1010-2e08-49c1-853b-45fe636cf499,P0037,6,207.16,1242.96,2025-10-17,completed
ORD00582,ab6b3f08-a9a0-44ef-ac4f-54163c749c16,P0021,8,240.61,1924.88,2026-01-07,completed
ORD00583,c566aa81-b15e-44f6-94d3-07952e4bebc4,P0006,7,332.37,2326.59,2025-10-13,returned
ORD00584,f387e1bd-2d59-42c6-934a-5a2fa7cf705c,P0033,4,69.16,276.64,2026-03-21,cancelled
ORD00585,1b332e43-a4b1-4f6a-9d2c-e51b37e82d71,P0046,9,131.78,1186.02,2026-03-27,cancelled
ORD00586,62be4009-d5f0-4b6a-8596-da7574dfb83f,P0015,5,15.97,79.85,2026-04-07,cancelled
ORD00587,adf8f767-2261-4def-9c07-4653d71173e4,P0044,5,339.49,1697.45,2025-08-31,completed
ORD00588,413e84bd-5aff-4594-80dd-8895d0154898,P0042,8,170.85,1366.8,2025-10-13,returned
ORD00589,8b0e8eb1-ad37-4d9e-92cf-60211f33242d,P0001,8,349.11,2792.88,2025-12-07,completed
ORD00590,f45707c6-7894-4a15-8342-01db2c3aacdc,P0015,2,242.89,485.78,2025-11-18,returned
ORD00591,a8fc5690-e9b1-44a1-9a22-1b85a9b92a1d,P0034,10,145.53,1455.3,2025-09-13,completed
ORD00592,dc1b9eb1-0506-436c-b8b3-842a7c2c0791,P0002,9,178.05,1602.45,2025-05-01,returned
ORD00593,13e675fd-1c99-4366-88b6-2c18c355853e,P0039,7,129.78,908.46,2026-03-20,completed
ORD00594,582b91ee-f8e8-435b-8c00-988a7ee1011a,P0031,4,37.88,151.52,2025-09-04,cancelled
ORD00595,c550eca8-ae62-490c-99bd-4f9378ef7666,P0049,9,286.23,2576.07,2025-11-10,completed
ORD00596,aabc25fa-3fe1-4e47-ae9b-ec3635c7936c,P0008,9,254.95,2294.55,2025-06-27,completed
ORD00597,65daced0-460a-4125-bf8c-93d4c32afc4a,P0020,7,196.07,1372.49,2025-09-23,completed
ORD00598,9fbc879e-869c-4a8e-bd6a-b7c2a86d8706,P0050,1,266.71,266.71,2025-07-19,cancelled
ORD00599,46a56fe8-6f46-41b1-aace-1aa9103246b3,P0041,6,408.61,2451.66,2026-03-17,completed
ORD00600,f6e07cc0-6c52-449f-9b49-bd26df57c59a,P0047,2,493.84,987.68,2026-01-06,returned
ORD00601,b9a5d4d0-4237-41f1-bdac-dc5e20c0f275,P0034,5,53.59,267.95,2025-10-20,cancelled
ORD00602,413e84bd-5aff-4594-80dd-8895d0154898,P0006,6,72.13,432.78,2025-10-12,returned
ORD00603,a46acc9a-9861-4260-9869-c755e85c1ec9,P0031,10,286.6,2866.0,2025-12-24,returned
ORD00604,33304e33-deb0-4e7d-a99f-db02bcdd0b48,P0030,10,271.61,2716.1,2025-12-27,completed
ORD00605,e3bcd6f3-b18d-4c8c-8fdd-bebcf7ff88d4,P0028,3,40.06,120.18,2025-12-11,returned
ORD00606,98f3f640-f6a9-43e3-b62b-ccb149560c36,P0041,3,483.3,1449.9,2026-03-22,cancelled
ORD00607,7a211151-c166-48b3-b26b-cebf7def3b8e,P0004,1,477.32,477.32,2026-01-11,cancelled
ORD00608,610e6a64-e130-4617-82df-f33556666f9f,P0033,6,420.2,2521.2,2025-07-14,completed
ORD00609,9f294a8b-d184-4c39-8476-7556f97be2dd,P0042,7,112.97,790.79,2025-04-29,completed
ORD00610,f73eeb07-a860-45bf-9e68-666d67b41520,P0041,7,90.04,630.28,2026-02-08,completed
ORD00611,78e3654b-faf1-4ff0-bb85-179ad5b077e0,P0029,4,102.26,409.04,2025-12-03,returned
ORD00612,528a34f3-63ea-40a1-9202-b09c60b36938,P0029,1,137.53,137.53,2025-12-20,completed
ORD00613,31216863-2663-4d11-9d12-2ccf3d0d3ffd,P0016,6,238.54,1431.24,2025-12-28,completed
ORD00614,4dead645-0986-4beb-b23e-323d0b9bd934,P0043,5,7.98,39.9,2025-12-09,completed
ORD00615,f6e07cc0-6c52-449f-9b49-bd26df57c59a,P0041,2,261.81,523.62,2025-07-21,completed
ORD00616,49c10669-c6b3-4fe6-9c76-bdf66c5a6c93,P0021,1,119.14,119.14,2025-09-30,completed
ORD00617,7a1b5806-6160-46b4-9360-715fc3fe0183,P0012,10,73.94,739.4,2025-12-22,completed
ORD00618,48cd29c5-ac0e-4f71-a94d-43ed2da1afda,P0020,3,169.36,508.08,2025-07-19,completed
ORD00619,37fe032c-0257-4851-a6a9-e100b509109b,P0018,2,313.6,627.2,2025-11-23,completed
ORD00620,fd9cfbb0-d1f1-4485-829a-4a7c4c80d33a,P0026,4,426.02,1704.08,2026-03-31,completed
ORD00621,5e1b015f-6a1c-401b-959b-2b6b32dba028,P0021,9,224.14,2017.26,2026-02-18,completed
ORD00622,fee543b3-6e18-4184-a29f-e85be8d91a20,P0009,2,245.64,491.28,2025-04-21,completed
ORD00623,b2cf952d-a7f3-43b3-b7ba-f55e4f6b58c8,P0041,8,77.74,621.92,2026-01-24,completed
ORD00624,075072d6-2bac-4712-96a9-19e886d895e5,P0045,7,299.64,2097.48,2025-12-08,completed
ORD00625,56b7979e-e46a-4b42-9cfe-cbd84fb67094,P0042,5,391.59,1957.95,2026-03-18,completed
ORD00626,d864465a-047d-4583-9344-7b2fbba31668,P0004,6,89.0,534.0,2025-09-09,cancelled
ORD00627,ca1fbff2-2823-442c-9a87-e3574b8fb475,P0012,6,340.42,2042.52,2025-11-17,completed
ORD00628,f63471f8-7b45-4d9c-948c-7eb41cf8570b,P0050,9,302.85,2725.65,2026-03-12,cancelled
ORD00629,b2cf952d-a7f3-43b3-b7ba-f55e4f6b58c8,P0039,7,342.82,2399.74,2025-10-23,completed
ORD00630,2b1ac76c-89ec-4c51-98cb-aa5247f53019,P0046,7,464.74,3253.18,2025-06-25,completed
ORD00631,6facc50d-b290-4e73-b2c5-73e958c58875,P0043,6,368.56,2211.36,2025-09-18,completed
ORD00632,9803a82e-926a-4bd0-be12-5f8ff06b6c12,P0049,8,105.18,841.44,2026-02-14,cancelled
ORD00633,f165d779-0154-4950-976d-e21f1b46ebdc,P0023,9,144.9,1304.1,2025-07-18,completed
ORD00634,3e0f84ce-c82f-48fd-936c-d31cf7bf5244,P0015,4,371.59,1486.36,2025-08-05,completed
ORD00635,3e83b91f-2544-4fe0-ae41-7d475ff595ea,P0010,7,211.65,1481.55,2026-04-06,returned
ORD00636,e411a9d7-9030-4b0c-85d5-aacbd294100f,P0032,7,329.19,2304.33,2025-12-14,completed
ORD00637,7fc5ae23-b9a6-4d75-acb9-6a2cd68e51f0,P0029,10,19.21,192.1,2025-09-04,cancelled
ORD00638,e8fb5a96-3b85-46e1-840f-54057a25ed81,P0018,1,466.76,466.76,2025-08-07,completed
ORD00639,9fbc879e-869c-4a8e-bd6a-b7c2a86d8706,P0027,2,488.14,976.28,2025-09-14,completed
ORD00640,cdfd9531-302b-4831-92a1-fe7ddfa59722,P0013,4,406.87,1627.48,2026-03-03,completed
ORD00641,f387e1bd-2d59-42c6-934a-5a2fa7cf705c,P0021,5,131.37,656.85,2026-01-08,completed
ORD00642,b184d1fc-8991-401a-a2b0-3c4b7c966b55,P0042,2,396.6,793.2,2025-05-19,completed
ORD00643,0ba6eab9-4639-447b-a067-bdac88bd13d1,P0022,1,7.34,7.34,2025-12-05,cancelled
ORD00644,b5a5f8e6-b639-4f04-a852-4385d9f2dd0d,P0033,4,118.42,473.68,2026-01-26,completed
ORD00645,7ba109d0-8567-4805-b4f5-41c0c8c5eb2a,P0047,10,173.22,1732.2,2025-08-21,returned
ORD00646,c074718e-425a-409f-b337-c59979844388,P0036,6,243.86,1463.16,2025-06-08,returned
ORD00647,ac1aa554-c3c7-4611-bfe3-fa49054f92ff,P0048,9,470.98,4238.82,2026-01-16,completed
ORD00648,9fbc879e-869c-4a8e-bd6a-b7c2a86d8706,P0027,7,470.75,3295.25,2026-03-23,returned
ORD00649,e059a0ee-9132-463e-b162-87e4e9c349e0,P0033,10,351.64,3516.4,2025-09-09,returned
ORD00650,0d36f5e4-92a6-43e6-ab48-c6e694010dfe,P0025,5,446.68,2233.4,2025-08-07,completed
ORD00651,413e84bd-5aff-4594-80dd-8895d0154898,P0028,8,61.77,494.16,2026-04-13,completed
ORD00652,5d87edd2-1735-436b-a5a6-ab3af5757b77,P0001,8,381.47,3051.76,2026-02-09,completed
ORD00653,33cd1d56-043d-42db-9bcb-404c21d8b96a,P0039,2,211.61,423.22,2025-04-17,cancelled
ORD00654,13e675fd-1c99-4366-88b6-2c18c355853e,P0004,1,217.74,217.74,2025-05-12,completed
ORD00655,c074718e-425a-409f-b337-c59979844388,P0022,7,140.25,981.75,2025-12-27,cancelled
ORD00656,002f2ca4-743e-4531-9dfb-19228aa6b006,P0033,5,408.84,2044.2,2025-10-26,cancelled
ORD00657,f73eeb07-a860-45bf-9e68-666d67b41520,P0024,10,19.52,195.2,2025-12-12,completed
ORD00658,4cc6d67e-cddb-4f9e-8130-0e684d45d885,P0015,8,235.29,1882.32,2026-01-10,completed
ORD00659,dc1b9eb1-0506-436c-b8b3-842a7c2c0791,P0015,6,266.47,1598.82,2025-06-18,completed
ORD00660,752366ce-fc95-4bba-a818-4f34e4917f7d,P0017,8,417.88,3343.04,2025-09-01,completed
ORD00661,48cd29c5-ac0e-4f71-a94d-43ed2da1afda,P0003,8,303.7,2429.6,2025-12-30,completed
ORD00662,9f294a8b-d184-4c39-8476-7556f97be2dd,P0041,8,408.71,3269.68,2025-06-28,returned
ORD00663,002f2ca4-743e-4531-9dfb-19228aa6b006,P0030,6,229.39,1376.34,2025-06-22,cancelled
ORD00664,836b15c7-e7c2-45da-b306-958845d5a68d,P0023,4,23.88,95.52,2026-03-30,completed
ORD00665,74246baa-2dca-4c82-8660-a3e9736d417c,P0014,3,258.14,774.42,2025-09-28,returned
ORD00666,4d457ea5-e3ec-4f6a-be50-3fdc2294fa0a,P0006,6,107.99,647.94,2026-02-09,cancelled
ORD00667,c847b130-dd56-430e-9de9-87a2985e7e89,P0035,6,62.36,374.16,2025-06-23,cancelled
ORD00668,43e458fc-63f2-4e24-bc3d-3348008d4127,P0020,7,237.44,1662.08,2025-05-08,completed
ORD00669,f63471f8-7b45-4d9c-948c-7eb41cf8570b,P0050,5,92.77,463.85,2025-06-22,completed
ORD00670,932d1648-6769-40f1-ae01-b9e0746b161a,P0048,5,255.87,1279.35,2026-01-19,completed
ORD00671,7a88f162-59f8-468e-9ce6-2a9f79af8348,P0017,4,70.94,283.76,2025-07-20,completed
ORD00672,e8fb5a96-3b85-46e1-840f-54057a25ed81,P0050,5,297.19,1485.95,2026-03-13,completed
ORD00673,8b0e8eb1-ad37-4d9e-92cf-60211f33242d,P0005,3,269.72,809.16,2025-09-13,completed
ORD00674,bc3536df-94f7-4dba-8581-1d2d1a89b71e,P0016,2,490.6,981.2,2025-12-02,completed
ORD00675,f4c873a7-5a94-4a40-a32e-3ab58802d74a,P0016,7,303.63,2125.41,2025-12-01,returned
ORD00676,b257e257-cc4a-402c-8f49-94e07ab16533,P0030,6,69.62,417.72,2026-02-28,completed
ORD00677,a5850828-6f6b-4df3-8673-f2e0bdcac10f,P0024,1,460.91,460.91,2025-06-16,completed
ORD00678,aa8430f8-4f2d-4233-8e16-5b129bdc70d1,P0030,6,204.14,1224.84,2025-08-02,cancelled
ORD00679,8b0e8eb1-ad37-4d9e-92cf-60211f33242d,P0041,7,262.77,1839.39,2025-09-02,completed
ORD00680,cf9d539c-6c2b-4781-81a9-5ee21718cfde,P0034,9,411.1,3699.9,2025-07-27,completed
ORD00681,13e675fd-1c99-4366-88b6-2c18c355853e,P0020,5,39.1,195.5,2025-08-20,completed
ORD00682,42c21797-0426-4cc9-a55b-30e2bdc2b74b,P0043,9,85.82,772.38,2025-11-17,completed
ORD00683,78e3654b-faf1-4ff0-bb85-179ad5b077e0,P0030,4,339.7,1358.8,2025-10-08,completed
ORD00684,b113d50b-dea0-40c6-ab9e-d274ec6a37ad,P0023,9,247.33,2225.97,2025-12-19,completed
ORD00685,6c202d89-b7a6-4c32-952d-4865d7567d35,P0024,9,102.49,922.41,2025-05-23,completed
ORD00686,5fb8944d-de00-48aa-8439-6fc0c26e2706,P0020,6,263.63,1581.78,2025-05-09,completed
ORD00687,4c9a9f24-d7b4-4294-bd44-089d9dd2f9de,P0022,9,405.01,3645.09,2026-01-17,returned
ORD00688,859f02bb-1ee2-4f39-aed4-db8980104995,P0020,7,492.52,3447.64,2025-04-19,completed
ORD00689,1ee93260-3002-4831-b227-e8d89c60c81b,P0050,8,237.65,1901.2,2025-11-16,completed
ORD00690,5e1b015f-6a1c-401b-959b-2b6b32dba028,P0035,6,205.07,1230.42,2026-04-13,completed
ORD00691,5e1b015f-6a1c-401b-959b-2b6b32dba028,P0002,5,230.79,1153.95,2025-05-22,completed
ORD00692,469ff562-8052-4405-ba84-bb5ffa6e3743,P0014,1,70.99,70.99,2025-10-25,completed
ORD00693,d145bd7f-d15b-4a37-905f-86aa974e8f83,P0009,9,175.81,1582.29,2025-04-19,completed
ORD00694,33304e33-deb0-4e7d-a99f-db02bcdd0b48,P0025,2,491.95,983.9,2025-11-23,completed
ORD00695,925817b7-cf50-4889-a8b7-7f7b7321bf6b,P0047,4,198.91,795.64,2026-04-13,completed
ORD00696,0d36f5e4-92a6-43e6-ab48-c6e694010dfe,P0022,2,24.39,48.78,2026-01-20,cancelled
ORD00697,3e83b91f-2544-4fe0-ae41-7d475ff595ea,P0042,5,425.04,2125.2,2026-03-24,cancelled
ORD00698,2f14f777-5dad-448e-97d5-2b789cf3137e,P0022,3,392.18,1176.54,2025-10-07,cancelled
ORD00699,fd9cfbb0-d1f1-4485-829a-4a7c4c80d33a,P0028,6,230.21,1381.26,2025-08-18,completed
ORD00700,528a34f3-63ea-40a1-9202-b09c60b36938,P0031,4,296.71,1186.84,2025-09-21,completed
ORD00701,96b31f4a-80da-48ca-a230-5d271a4b1606,P0044,7,193.84,1356.88,2025-08-30,cancelled
ORD00702,f204be89-4a4b-4563-8cf4-77ef18c8a616,P0016,5,364.36,1821.8,2026-03-08,cancelled
ORD00703,7fc5ae23-b9a6-4d75-acb9-6a2cd68e51f0,P0022,3,405.41,1216.23,2026-04-17,cancelled
ORD00704,cf9d539c-6c2b-4781-81a9-5ee21718cfde,P0019,4,27.4,109.6,2026-02-09,completed
ORD00705,f204be89-4a4b-4563-8cf4-77ef18c8a616,P0001,1,287.71,287.71,2026-03-27,cancelled
ORD00706,9fbc879e-869c-4a8e-bd6a-b7c2a86d8706,P0037,3,5.81,17.43,2025-12-16,completed
ORD00707,13e675fd-1c99-4366-88b6-2c18c355853e,P0048,2,19.28,38.56,2025-09-02,cancelled
ORD00708,1036708d-d9a0-4007-9bb4-7c18b28187c4,P0047,1,270.19,270.19,2025-05-07,completed
ORD00709,35ebd32d-9ad6-40ab-8821-2ddb45b89cd9,P0021,1,452.67,452.67,2025-08-25,completed
ORD00710,07f97d05-f6ca-4b8b-a4b1-f99175424646,P0039,6,415.83,2494.98,2025-08-15,cancelled
ORD00711,aabc25fa-3fe1-4e47-ae9b-ec3635c7936c,P0046,10,348.82,3488.2,2025-05-23,returned
ORD00712,3ec0a285-cbc4-4c0e-82ae-f6748beb4e78,P0025,7,250.42,1752.94,2025-10-01,completed
ORD00713,c42b266b-1b02-4a24-bf00-f56c6a4989a6,P0009,4,76.84,307.36,2025-12-28,completed
ORD00714,d145bd7f-d15b-4a37-905f-86aa974e8f83,P0034,7,397.27,2780.89,2026-01-07,cancelled
ORD00715,444ea7c8-c039-4710-8976-e334e2817efd,P0003,8,100.88,807.04,2026-03-07,completed
ORD00716,6e6a3d5b-2154-4e4a-a1cf-91fb7e81cdfa,P0007,2,207.75,415.5,2025-06-06,completed
ORD00717,752366ce-fc95-4bba-a818-4f34e4917f7d,P0039,5,146.42,732.1,2025-11-23,cancelled
ORD00718,13e675fd-1c99-4366-88b6-2c18c355853e,P0050,9,121.22,1090.98,2026-03-01,completed
ORD00719,8b0e8eb1-ad37-4d9e-92cf-60211f33242d,P0008,6,433.58,2601.48,2025-07-28,cancelled
ORD00720,fe9bd0e1-bca3-4653-90c7-6baa2a3c6137,P0033,1,86.34,86.34,2025-12-28,returned
ORD00721,ac1aa554-c3c7-4611-bfe3-fa49054f92ff,P0039,4,492.33,1969.32,2026-02-09,returned
ORD00722,37ec07a6-4b27-4079-9c5d-3f1b54c0c6c2,P0014,4,364.39,1457.56,2025-08-29,completed
ORD00723,9fbc879e-869c-4a8e-bd6a-b7c2a86d8706,P0011,4,109.56,438.24,2025-11-29,cancelled
ORD00724,c4bbb7a9-d988-48dd-9c7c-737779a28903,P0008,3,8.43,25.29,2025-12-14,completed
ORD00725,2023fd4b-ab89-436b-9f6b-9b3fff594778,P0011,8,130.45,1043.6,2025-10-07,completed
ORD00726,65daced0-460a-4125-bf8c-93d4c32afc4a,P0030,9,105.44,948.96,2025-09-15,completed
ORD00727,987593c3-2523-42f6-b7a3-f6a6159b558b,P0014,6,47.81,286.86,2025-06-24,completed
ORD00728,a46acc9a-9861-4260-9869-c755e85c1ec9,P0022,9,484.68,4362.12,2026-04-12,returned
ORD00729,2023fd4b-ab89-436b-9f6b-9b3fff594778,P0011,6,78.08,468.48,2026-04-02,completed
ORD00730,31216863-2663-4d11-9d12-2ccf3d0d3ffd,P0032,8,290.13,2321.04,2026-02-08,returned
ORD00731,4c9a9f24-d7b4-4294-bd44-089d9dd2f9de,P0032,4,145.44,581.76,2025-04-23,returned
ORD00732,a008ac20-c272-48e6-bf39-a117f83b1806,P0012,1,449.13,449.13,2025-08-26,completed
ORD00733,b113d50b-dea0-40c6-ab9e-d274ec6a37ad,P0032,5,122.25,611.25,2025-05-03,completed
ORD00734,cf9d539c-6c2b-4781-81a9-5ee21718cfde,P0030,5,99.03,495.15,2026-02-06,completed
ORD00735,5e1b015f-6a1c-401b-959b-2b6b32dba028,P0048,4,135.92,543.68,2025-08-14,completed
ORD00736,65daced0-460a-4125-bf8c-93d4c32afc4a,P0018,1,198.96,198.96,2025-09-26,cancelled
ORD00737,d864465a-047d-4583-9344-7b2fbba31668,P0037,10,208.25,2082.5,2025-11-25,completed
ORD00738,50fd9d3f-85d5-4695-90b2-b633956b8c0c,P0009,1,57.93,57.93,2025-09-10,cancelled
ORD00739,74246baa-2dca-4c82-8660-a3e9736d417c,P0037,4,73.01,292.04,2025-11-27,completed
ORD00740,85351a69-dabf-484e-93ff-84612a1f1b61,P0019,9,249.31,2243.79,2025-05-16,completed
ORD00741,aa448259-5001-4b7b-ad40-67f450032b35,P0024,2,100.99,201.98,2025-09-20,cancelled
ORD00742,13769ff9-578c-4875-9231-f372bfb0942c,P0006,9,269.83,2428.47,2026-03-23,completed
ORD00743,a3e05309-b5a1-4949-a788-420992ca525a,P0026,7,97.09,679.63,2026-03-23,completed
ORD00744,cdfd9531-302b-4831-92a1-fe7ddfa59722,P0029,8,144.24,1153.92,2026-04-13,completed
ORD00745,82d9a774-ea7f-4c7d-83a6-b204fc014a22,P0013,5,369.91,1849.55,2026-02-24,cancelled
ORD00746,1036708d-d9a0-4007-9bb4-7c18b28187c4,P0003,10,10.87,108.7,2026-03-14,completed
ORD00747,f30ee4fe-262e-4559-be7d-9a19ab450578,P0024,5,426.3,2131.5,2026-01-10,returned
ORD00748,7fc5ae23-b9a6-4d75-acb9-6a2cd68e51f0,P0009,9,311.83,2806.47,2025-08-02,completed
ORD00749,2dd0622e-266b-42ea-ab93-f78c620af158,P0050,5,137.28,686.4,2025-06-27,completed
ORD00750,33ee16e7-f5de-4eba-a1ae-a39be606d7c2,P0020,3,251.93,755.79,2025-06-08,completed
ORD00751,987593c3-2523-42f6-b7a3-f6a6159b558b,P0048,6,351.42,2108.52,2025-10-24,completed
ORD00752,56b60afc-ded2-45d0-bf1e-83664b8e63d4,P0043,5,228.92,1144.6,2025-11-12,completed
ORD00753,fee543b3-6e18-4184-a29f-e85be8d91a20,P0049,3,381.64,1144.92,2026-02-24,returned
ORD00754,3e0f84ce-c82f-48fd-936c-d31cf7bf5244,P0021,6,246.42,1478.52,2025-10-18,completed
ORD00755,3e0f84ce-c82f-48fd-936c-d31cf7bf5244,P0004,2,15.17,30.34,2025-06-02,returned
ORD00756,56b7979e-e46a-4b42-9cfe-cbd84fb67094,P0029,3,44.15,132.45,2026-02-02,completed
ORD00757,f165d779-0154-4950-976d-e21f1b46ebdc,P0014,1,371.24,371.24,2025-08-05,cancelled
ORD00758,b9a5d4d0-4237-41f1-bdac-dc5e20c0f275,P0016,4,244.22,976.88,2025-12-19,completed
ORD00759,a003cd28-ca8f-4653-89af-18f843b9da13,P0037,4,326.18,1304.72,2025-11-03,returned
ORD00760,cf08ea54-b429-4924-8098-675047419b48,P0026,3,72.36,217.08,2026-03-03,returned
ORD00761,07f97d05-f6ca-4b8b-a4b1-f99175424646,P0039,9,106.46,958.14,2025-06-17,cancelled
ORD00762,adf8f767-2261-4def-9c07-4653d71173e4,P0031,1,407.6,407.6,2025-09-27,completed
ORD00763,cdfd9531-302b-4831-92a1-fe7ddfa59722,P0045,6,392.75,2356.5,2025-05-29,completed
ORD00764,dc1b9eb1-0506-436c-b8b3-842a7c2c0791,P0024,5,389.08,1945.4,2025-12-15,completed
ORD00765,f45707c6-7894-4a15-8342-01db2c3aacdc,P0042,10,485.41,4854.1,2025-07-14,completed
ORD00766,49c10669-c6b3-4fe6-9c76-bdf66c5a6c93,P0041,7,161.45,1130.15,2025-07-03,completed
ORD00767,162534ca-9b47-4639-8d25-51ebaf95be79,P0032,9,346.21,3115.89,2026-01-17,returned
ORD00768,1ee93260-3002-4831-b227-e8d89c60c81b,P0022,6,346.14,2076.84,2025-12-14,completed
ORD00769,13e675fd-1c99-4366-88b6-2c18c355853e,P0040,6,395.4,2372.4,2025-05-19,completed
ORD00770,6e6a3d5b-2154-4e4a-a1cf-91fb7e81cdfa,P0007,8,187.33,1498.64,2025-09-23,completed
ORD00771,9803a82e-926a-4bd0-be12-5f8ff06b6c12,P0022,7,133.76,936.32,2026-01-03,completed
ORD00772,33ee16e7-f5de-4eba-a1ae-a39be606d7c2,P0030,6,185.33,1111.98,2025-06-14,completed
ORD00773,ac1aa554-c3c7-4611-bfe3-fa49054f92ff,P0033,3,307.96,923.88,2026-03-23,returned
ORD00774,3ec0a285-cbc4-4c0e-82ae-f6748beb4e78,P0022,4,88.68,354.72,2026-03-13,returned
ORD00775,e8fb5a96-3b85-46e1-840f-54057a25ed81,P0050,3,15.85,47.55,2026-01-22,returned
ORD00776,33304e33-deb0-4e7d-a99f-db02bcdd0b48,P0018,3,222.74,668.22,2025-07-06,completed
ORD00777,f30ee4fe-262e-4559-be7d-9a19ab450578,P0004,5,199.7,998.5,2025-07-20,completed
ORD00778,78e3654b-faf1-4ff0-bb85-179ad5b077e0,P0009,6,204.32,1225.92,2025-10-08,completed
ORD00779,c40d4874-22ab-4752-84db-5a622e13418d,P0050,8,90.57,724.56,2026-03-11,returned
ORD00780,adf8f767-2261-4def-9c07-4653d71173e4,P0044,3,192.74,578.22,2025-06-01,completed
ORD00781,c5f8bc16-f786-4b50-91c5-8ef0dd463c09,P0018,2,346.88,693.76,2025-06-05,cancelled
ORD00782,a5b83693-8fbb-4749-9fcd-859ed6e18109,P0004,2,440.5,881.0,2025-10-29,completed
ORD00783,d864465a-047d-4583-9344-7b2fbba31668,P0020,8,123.5,988.0,2026-01-07,completed
ORD00784,c75ff368-5f7d-4bb1-880a-fe9f84a6d693,P0015,2,21.28,42.56,2025-05-20,completed
ORD00785,f1043785-658b-4523-a014-1de9f54ad0a2,P0041,7,253.44,1774.08,2025-12-26,completed
ORD00786,37ec07a6-4b27-4079-9c5d-3f1b54c0c6c2,P0049,4,37.22,148.88,2026-03-02,completed
ORD00787,bc3536df-94f7-4dba-8581-1d2d1a89b71e,P0047,8,193.45,1547.6,2026-03-24,cancelled
ORD00788,13769ff9-578c-4875-9231-f372bfb0942c,P0008,3,35.2,105.6,2026-01-22,completed
ORD00789,075072d6-2bac-4712-96a9-19e886d895e5,P0004,6,148.86,893.16,2025-11-22,completed
ORD00790,78e3654b-faf1-4ff0-bb85-179ad5b077e0,P0018,8,164.62,1316.96,2025-12-08,completed
ORD00791,33ee16e7-f5de-4eba-a1ae-a39be606d7c2,P0015,3,299.93,899.79,2025-09-01,completed
ORD00792,413e84bd-5aff-4594-80dd-8895d0154898,P0041,4,318.24,1272.96,2026-01-04,returned
ORD00793,bdd4c1f2-71b8-4ce0-a347-2e25ba5498fd,P0015,5,196.23,981.15,2026-01-11,completed
ORD00794,7a1b5806-6160-46b4-9360-715fc3fe0183,P0027,10,160.67,1606.7,2025-09-03,returned
ORD00795,f4c873a7-5a94-4a40-a32e-3ab58802d74a,P0050,2,343.18,686.36,2025-12-08,completed
ORD00796,b9a5d4d0-4237-41f1-bdac-dc5e20c0f275,P0006,8,372.68,2981.44,2025-11-08,returned
ORD00797,f204be89-4a4b-4563-8cf4-77ef18c8a616,P0006,7,398.59,2790.13,2026-02-24,completed
ORD00798,b9720eec-6563-4d1f-9763-790255520712,P0034,1,18.31,18.31,2026-02-06,completed
ORD00799,4d457ea5-e3ec-4f6a-be50-3fdc2294fa0a,P0042,6,75.99,455.94,2025-07-07,cancelled
ORD00800,9e50aa42-ca6d-4da1-989b-c4da9b37a22b,P0021,7,410.82,2875.74,2025-05-29,returned
ORD00801,c9776598-203c-4c25-bd23-5def3e5a87e3,P0047,2,315.75,631.5,2025-05-19,returned
ORD00802,24d38751-6729-4d3c-8681-8a882c154804,P0009,2,231.77,463.54,2025-05-19,completed
ORD00803,cf08ea54-b429-4924-8098-675047419b48,P0036,9,141.0,1269.0,2026-01-13,completed
ORD00804,2fddb26a-1310-4665-aec2-bb19fbc398d8,P0043,4,70.17,280.68,2026-03-26,cancelled
ORD00805,bc3536df-94f7-4dba-8581-1d2d1a89b71e,P0040,2,11.94,23.88,2026-01-14,cancelled
ORD00806,444ea7c8-c039-4710-8976-e334e2817efd,P0031,8,455.55,3644.4,2025-05-29,completed
ORD00807,50fd9d3f-85d5-4695-90b2-b633956b8c0c,P0009,9,352.76,3174.84,2025-08-29,cancelled
ORD00808,4d457ea5-e3ec-4f6a-be50-3fdc2294fa0a,P0002,3,294.15,882.45,2026-02-23,returned
ORD00809,c4bbb7a9-d988-48dd-9c7c-737779a28903,P0039,5,432.88,2164.4,2026-04-01,returned
ORD00810,19ec0829-0db5-4441-a837-f4186f27c1b9,P0048,9,263.33,2369.97,2025-11-14,returned
ORD00811,37ec07a6-4b27-4079-9c5d-3f1b54c0c6c2,P0017,7,398.51,2789.57,2025-04-17,completed
ORD00812,44e9f8fb-4838-4888-9a2e-9864f8eaca36,P0011,2,243.58,487.16,2025-05-09,completed
ORD00813,a008ac20-c272-48e6-bf39-a117f83b1806,P0012,2,494.31,988.62,2025-10-30,completed
ORD00814,49c10669-c6b3-4fe6-9c76-bdf66c5a6c93,P0036,10,267.94,2679.4,2026-02-21,completed
ORD00815,ab6b3f08-a9a0-44ef-ac4f-54163c749c16,P0036,9,59.46,535.14,2026-04-10,completed
ORD00816,1f873b46-c0a0-473a-a3d7-e6a119b814fc,P0039,5,216.8,1084.0,2025-08-11,completed
ORD00817,ac1aa554-c3c7-4611-bfe3-fa49054f92ff,P0035,8,85.39,683.12,2025-08-28,returned
ORD00818,38ba8abc-4b53-45e5-97d2-582e046a0df5,P0001,6,118.21,709.26,2025-12-21,cancelled
ORD00819,37fe032c-0257-4851-a6a9-e100b509109b,P0049,4,389.67,1558.68,2026-02-02,completed
ORD00820,aa8430f8-4f2d-4233-8e16-5b129bdc70d1,P0038,6,90.85,545.1,2025-10-24,completed
ORD00821,bc3536df-94f7-4dba-8581-1d2d1a89b71e,P0021,10,169.89,1698.9,2025-11-23,cancelled
ORD00822,3ec0a285-cbc4-4c0e-82ae-f6748beb4e78,P0008,4,352.6,1410.4,2025-07-07,completed
ORD00823,adf8f767-2261-4def-9c07-4653d71173e4,P0007,1,45.9,45.9,2025-09-08,completed
ORD00824,6703b636-5380-4904-a88c-7015aab97e49,P0018,8,318.6,2548.8,2025-10-31,completed
ORD00825,e059a0ee-9132-463e-b162-87e4e9c349e0,P0048,7,457.82,3204.74,2025-10-02,cancelled
ORD00826,f204be89-4a4b-4563-8cf4-77ef18c8a616,P0040,9,119.84,1078.56,2025-06-08,completed
ORD00827,ca1fbff2-2823-442c-9a87-e3574b8fb475,P0011,7,267.49,1872.43,2026-03-28,completed
ORD00828,9e50aa42-ca6d-4da1-989b-c4da9b37a22b,P0020,8,54.01,432.08,2026-02-17,cancelled
ORD00829,f63471f8-7b45-4d9c-948c-7eb41cf8570b,P0050,6,295.37,1772.22,2025-10-16,returned
ORD00830,d864465a-047d-4583-9344-7b2fbba31668,P0015,2,279.5,559.0,2025-09-30,cancelled
ORD00831,5f70b951-1038-4676-8df1-172a46f2ff38,P0036,6,464.74,2788.44,2025-11-23,returned
ORD00832,7ba109d0-8567-4805-b4f5-41c0c8c5eb2a,P0040,2,158.44,316.88,2025-06-09,completed
ORD00833,c4bbb7a9-d988-48dd-9c7c-737779a28903,P0007,9,281.77,2535.93,2025-12-16,completed
ORD00834,d5bf1edb-3b79-4a1e-8d4f-2875df2ddf20,P0014,4,221.78,887.12,2026-02-04,completed
ORD00835,6facc50d-b290-4e73-b2c5-73e958c58875,P0028,7,347.72,2434.04,2025-12-30,returned
ORD00836,932d1648-6769-40f1-ae01-b9e0746b161a,P0041,6,69.24,415.44,2025-11-22,completed
ORD00837,d43cdd6d-e0c1-4f1e-a0da-897258321ee4,P0002,8,6.5,52.0,2025-08-08,cancelled
ORD00838,c40d4874-22ab-4752-84db-5a622e13418d,P0023,9,184.11,1656.99,2026-04-14,cancelled
ORD00839,7fc5ae23-b9a6-4d75-acb9-6a2cd68e51f0,P0004,8,352.28,2818.24,2025-06-01,completed
ORD00840,50fd9d3f-85d5-4695-90b2-b633956b8c0c,P0017,7,198.35,1388.45,2026-04-16,completed
ORD00841,6c202d89-b7a6-4c32-952d-4865d7567d35,P0001,1,291.76,291.76,2025-12-31,returned
ORD00842,f1043785-658b-4523-a014-1de9f54ad0a2,P0046,4,6.73,26.92,2025-10-09,returned
ORD00843,cef74829-363e-4ef4-b8df-cc3a2acb4fbd,P0037,4,149.27,597.08,2026-02-14,cancelled
ORD00844,b113d50b-dea0-40c6-ab9e-d274ec6a37ad,P0026,2,217.11,434.22,2025-10-15,completed
ORD00845,6facc50d-b290-4e73-b2c5-73e958c58875,P0010,3,165.74,497.22,2025-12-30,cancelled
ORD00846,b5a5f8e6-b639-4f04-a852-4385d9f2dd0d,P0013,4,196.97,787.88,2025-09-01,completed
ORD00847,b184d1fc-8991-401a-a2b0-3c4b7c966b55,P0014,2,72.96,145.92,2026-04-11,completed
ORD00848,2fddb26a-1310-4665-aec2-bb19fbc398d8,P0046,5,285.87,1429.35,2025-08-16,returned
ORD00849,af1d5a1a-4ccb-4355-b9d1-c7ffb27e1442,P0047,3,45.54,136.62,2026-02-14,returned
ORD00850,8da00495-5cce-4ba9-b1d4-ee098fd33afc,P0043,10,61.28,612.8,2025-07-03,completed
ORD00851,c9776598-203c-4c25-bd23-5def3e5a87e3,P0027,10,76.47,764.7,2026-01-10,returned
ORD00852,aa8430f8-4f2d-4233-8e16-5b129bdc70d1,P0032,5,477.71,2388.55,2026-02-07,completed
ORD00853,22538040-7a02-4a6d-87a2-b171b02a06ee,P0043,3,212.71,638.13,2025-12-29,completed
ORD00854,8cbadae5-7ecc-4af4-8413-4dc2c5c5ae8a,P0041,1,421.49,421.49,2025-05-06,completed
ORD00855,0a88e6ca-1dee-4b6d-bce7-5d1e2947fd26,P0035,3,28.41,85.23,2026-02-27,returned
ORD00856,610e6a64-e130-4617-82df-f33556666f9f,P0045,7,157.71,1103.97,2025-06-21,cancelled
ORD00857,e059a0ee-9132-463e-b162-87e4e9c349e0,P0041,6,145.24,871.44,2025-10-12,completed
ORD00858,bdd640fb-0667-4ad1-9c80-317fa3b1799d,P0038,2,317.53,635.06,2025-09-07,returned
ORD00859,bc3536df-94f7-4dba-8581-1d2d1a89b71e,P0018,1,112.93,112.93,2026-04-12,completed
ORD00860,925817b7-cf50-4889-a8b7-7f7b7321bf6b,P0037,6,296.85,1781.1,2025-12-14,cancelled
ORD00861,8ae769ed-de8e-4e0b-a85c-6e4a004b6fab,P0045,9,66.08,594.72,2026-02-21,completed
ORD00862,4f9c78bf-010d-483f-9da7-6d6985b864d4,P0029,7,42.07,294.49,2026-04-14,completed
ORD00863,cd602879-f79b-4079-abb8-fe95f077671b,P0020,10,74.17,741.7,2025-11-03,returned
ORD00864,fee543b3-6e18-4184-a29f-e85be8d91a20,P0016,3,431.59,1294.77,2025-08-18,cancelled
ORD00865,4f9c78bf-010d-483f-9da7-6d6985b864d4,P0011,7,171.49,1200.43,2025-12-21,returned
ORD00866,35ebd32d-9ad6-40ab-8821-2ddb45b89cd9,P0015,3,358.15,1074.45,2026-04-14,completed
ORD00867,1b332e43-a4b1-4f6a-9d2c-e51b37e82d71,P0033,1,34.75,34.75,2026-01-19,returned
ORD00868,7a1b5806-6160-46b4-9360-715fc3fe0183,P0028,2,18.18,36.36,2025-09-07,completed
ORD00869,d5e0a664-e4db-44c8-a817-4c8598197749,P0018,1,307.82,307.82,2025-10-27,cancelled
ORD00870,19ec0829-0db5-4441-a837-f4186f27c1b9,P0040,6,181.97,1091.82,2025-07-29,cancelled
ORD00871,8b0e8eb1-ad37-4d9e-92cf-60211f33242d,P0025,7,455.23,3186.61,2025-12-27,completed
ORD00872,54a7b69b-1cd6-4b09-8f0e-6d2b315c167a,P0035,4,218.31,873.24,2025-06-27,returned
ORD00873,feb9ea24-933c-4d00-8680-0a0b42791490,P0044,6,328.39,1970.34,2026-02-24,completed
ORD00874,c550eca8-ae62-490c-99bd-4f9378ef7666,P0013,3,198.38,595.14,2025-09-08,completed
ORD00875,582b91ee-f8e8-435b-8c00-988a7ee1011a,P0004,3,283.45,850.35,2025-06-03,cancelled
ORD00876,b257e257-cc4a-402c-8f49-94e07ab16533,P0046,10,270.27,2702.7,2026-01-17,returned
ORD00877,b113d50b-dea0-40c6-ab9e-d274ec6a37ad,P0049,6,90.97,545.82,2025-11-15,completed
ORD00878,3e0f84ce-c82f-48fd-936c-d31cf7bf5244,P0002,3,139.29,417.87,2026-02-05,cancelled
ORD00879,c5f8bc16-f786-4b50-91c5-8ef0dd463c09,P0045,6,277.33,1663.98,2026-02-22,completed
ORD00880,cd180a82-4447-4eab-84ef-4324cc1b4157,P0004,9,81.36,732.24,2026-01-01,completed
ORD00881,925817b7-cf50-4889-a8b7-7f7b7321bf6b,P0031,9,278.98,2510.82,2025-10-01,returned
ORD00882,42c21797-0426-4cc9-a55b-30e2bdc2b74b,P0046,6,111.13,666.78,2025-06-15,cancelled
ORD00883,a008ac20-c272-48e6-bf39-a117f83b1806,P0022,3,103.59,310.77,2025-06-06,completed
ORD00884,d5bf1edb-3b79-4a1e-8d4f-2875df2ddf20,P0020,2,255.55,511.1,2025-12-27,completed
ORD00885,a5850828-6f6b-4df3-8673-f2e0bdcac10f,P0043,3,103.8,311.4,2025-08-01,completed
ORD00886,4336ffe5-6631-46a7-8c53-b74c0c9fa6e6,P0001,6,308.2,1849.2,2025-06-09,cancelled
ORD00887,b2cf952d-a7f3-43b3-b7ba-f55e4f6b58c8,P0040,3,380.25,1140.75,2025-07-05,returned
ORD00888,af1d5a1a-4ccb-4355-b9d1-c7ffb27e1442,P0022,2,276.22,552.44,2026-01-15,completed
ORD00889,19ec0829-0db5-4441-a837-f4186f27c1b9,P0016,6,439.48,2636.88,2026-01-11,cancelled
ORD00890,b1594847-5c0b-4b10-a757-cb1042f525b9,P0050,1,442.97,442.97,2025-04-20,completed
ORD00891,07f97d05-f6ca-4b8b-a4b1-f99175424646,P0005,2,478.95,957.9,2026-01-07,completed
ORD00892,b9720eec-6563-4d1f-9763-790255520712,P0041,2,186.08,372.16,2025-11-13,completed
ORD00893,0a88e6ca-1dee-4b6d-bce7-5d1e2947fd26,P0038,10,73.46,734.6,2025-12-21,completed
ORD00894,aa448259-5001-4b7b-ad40-67f450032b35,P0018,9,123.16,1108.44,2026-04-13,returned
ORD00895,cdfd9531-302b-4831-92a1-fe7ddfa59722,P0043,1,110.45,110.45,2025-06-10,completed
ORD00896,e8fb5a96-3b85-46e1-840f-54057a25ed81,P0012,2,18.17,36.34,2026-03-30,completed
ORD00897,b9a5d4d0-4237-41f1-bdac-dc5e20c0f275,P0014,9,289.02,2601.18,2025-09-20,completed
ORD00898,939f44eb-be5e-415e-847c-c30b865a7766,P0037,4,113.53,454.12,2026-02-19,completed
ORD00899,c6319c16-5827-4c1d-93e0-f2354e80d10b,P0001,8,220.17,1761.36,2026-03-21,returned
ORD00900,2518ec09-efdd-4a87-88c6-21bee1228e75,P0015,1,244.32,244.32,2025-05-22,completed
ORD00901,752366ce-fc95-4bba-a818-4f34e4917f7d,P0025,10,38.78,387.8,2026-04-08,returned
ORD00902,6facc50d-b290-4e73-b2c5-73e958c58875,P0015,9,306.73,2760.57,2025-06-21,completed
ORD00903,d43cdd6d-e0c1-4f1e-a0da-897258321ee4,P0035,2,97.28,194.56,2025-05-06,cancelled
ORD00904,8da00495-5cce-4ba9-b1d4-ee098fd33afc,P0020,3,329.94,989.82,2026-04-10,returned
ORD00905,aa448259-5001-4b7b-ad40-67f450032b35,P0002,8,261.63,2093.04,2025-12-10,cancelled
ORD00906,4cc6d67e-cddb-4f9e-8130-0e684d45d885,P0045,10,127.43,1274.3,2025-11-20,returned
ORD00907,ca1fbff2-2823-442c-9a87-e3574b8fb475,P0034,2,277.32,554.64,2026-04-06,completed
ORD00908,caf07226-7e00-4029-847f-9b05851b5f38,P0046,7,424.25,2969.75,2025-12-02,cancelled
ORD00909,40b374f8-8c1a-42c7-9fa3-ed1f61584f88,P0047,1,63.88,63.88,2025-09-11,cancelled
ORD00910,4f9c78bf-010d-483f-9da7-6d6985b864d4,P0019,2,493.64,987.28,2025-04-29,cancelled
ORD00911,610e6a64-e130-4617-82df-f33556666f9f,P0019,8,408.18,3265.44,2025-07-14,completed
ORD00912,93a74792-c561-48dc-a436-4fcdf2d3f761,P0040,3,180.47,541.41,2025-10-12,completed
ORD00913,162534ca-9b47-4639-8d25-51ebaf95be79,P0048,6,21.77,130.62,2025-12-24,returned
ORD00914,bdd640fb-0667-4ad1-9c80-317fa3b1799d,P0020,9,470.51,4234.59,2026-04-01,completed
ORD00915,b2cf952d-a7f3-43b3-b7ba-f55e4f6b58c8,P0034,6,399.19,2395.14,2025-12-11,completed
ORD00916,925817b7-cf50-4889-a8b7-7f7b7321bf6b,P0029,2,332.03,664.06,2025-09-01,cancelled
ORD00917,d5916d49-f707-4712-88b0-4b777feb4cf3,P0002,6,216.76,1300.56,2025-12-26,returned
ORD00918,d43cdd6d-e0c1-4f1e-a0da-897258321ee4,P0047,5,85.84,429.2,2026-02-02,completed
ORD00919,42c21797-0426-4cc9-a55b-30e2bdc2b74b,P0001,5,65.7,328.5,2025-12-14,returned
ORD00920,f4c873a7-5a94-4a40-a32e-3ab58802d74a,P0047,9,121.71,1095.39,2026-01-26,completed
ORD00921,2f14f777-5dad-448e-97d5-2b789cf3137e,P0023,8,233.13,1865.04,2026-02-27,completed
ORD00922,f387e1bd-2d59-42c6-934a-5a2fa7cf705c,P0011,1,230.81,230.81,2025-12-11,completed
ORD00923,b2cf952d-a7f3-43b3-b7ba-f55e4f6b58c8,P0020,7,212.13,1484.91,2025-07-26,completed
ORD00924,82d9a774-ea7f-4c7d-83a6-b204fc014a22,P0011,8,64.05,512.4,2025-12-12,cancelled
ORD00925,e39836bb-e23d-4faa-afad-49e9c41c147e,P0045,9,497.87,4480.83,2025-08-29,completed
ORD00926,925817b7-cf50-4889-a8b7-7f7b7321bf6b,P0001,2,204.93,409.86,2025-05-30,completed
ORD00927,ceb81f9d-7914-4120-88dc-d19f3e351128,P0018,7,201.27,1408.89,2025-05-17,completed
ORD00928,d43cdd6d-e0c1-4f1e-a0da-897258321ee4,P0023,6,17.37,104.22,2025-10-13,completed
ORD00929,f165d779-0154-4950-976d-e21f1b46ebdc,P0018,10,186.31,1863.1,2025-12-17,completed
ORD00930,e411a9d7-9030-4b0c-85d5-aacbd294100f,P0002,6,49.44,296.64,2025-10-20,completed
ORD00931,33cd1d56-043d-42db-9bcb-404c21d8b96a,P0025,1,278.1,278.1,2025-04-25,returned
ORD00932,752366ce-fc95-4bba-a818-4f34e4917f7d,P0043,9,403.97,3635.73,2025-11-12,completed
ORD00933,b257e257-cc4a-402c-8f49-94e07ab16533,P0008,4,395.17,1580.68,2025-11-12,cancelled
ORD00934,fee543b3-6e18-4184-a29f-e85be8d91a20,P0026,8,278.25,2226.0,2025-07-26,completed
ORD00935,ab6b3f08-a9a0-44ef-ac4f-54163c749c16,P0006,10,142.47,1424.7,2026-01-14,completed
ORD00936,44e9f8fb-4838-4888-9a2e-9864f8eaca36,P0049,7,53.84,376.88,2026-02-01,completed
ORD00937,1f873b46-c0a0-473a-a3d7-e6a119b814fc,P0041,10,495.7,4957.0,2025-06-22,returned
ORD00938,6c202d89-b7a6-4c32-952d-4865d7567d35,P0009,9,93.07,837.63,2025-10-11,cancelled
ORD00939,2f14f777-5dad-448e-97d5-2b789cf3137e,P0005,3,328.01,984.03,2025-12-08,returned
ORD00940,fbc8c77e-2933-4fc4-8918-a346c00c200c,P0029,2,109.87,219.74,2025-09-22,cancelled
ORD00941,8cbadae5-7ecc-4af4-8413-4dc2c5c5ae8a,P0010,5,489.75,2448.75,2025-11-12,completed
ORD00942,e39836bb-e23d-4faa-afad-49e9c41c147e,P0027,8,489.61,3916.88,2025-05-23,completed
ORD00943,932d1648-6769-40f1-ae01-b9e0746b161a,P0032,9,444.79,4003.11,2025-05-10,cancelled
ORD00944,b257e257-cc4a-402c-8f49-94e07ab16533,P0032,8,380.68,3045.44,2026-03-15,cancelled
ORD00945,f1043785-658b-4523-a014-1de9f54ad0a2,P0027,4,480.63,1922.52,2026-02-02,cancelled
ORD00946,74246baa-2dca-4c82-8660-a3e9736d417c,P0023,9,404.27,3638.43,2025-06-23,completed
ORD00947,8ea035f0-49cc-453f-b469-3ec45c7ae8ef,P0025,3,447.46,1342.38,2026-02-08,completed
ORD00948,6703b636-5380-4904-a88c-7015aab97e49,P0008,4,37.7,150.8,2025-04-24,completed
ORD00949,f1043785-658b-4523-a014-1de9f54ad0a2,P0047,10,135.35,1353.5,2025-11-06,cancelled
ORD00950,f30ee4fe-262e-4559-be7d-9a19ab450578,P0048,9,176.63,1589.67,2025-10-30,completed
ORD00951,33cd1d56-043d-42db-9bcb-404c21d8b96a,P0005,1,334.62,334.62,2026-02-08,returned
ORD00952,832920b7-c143-4426-b72f-871a45ee432d,P0017,2,190.52,381.04,2025-10-12,completed
ORD00953,a2317211-8578-41c6-b7eb-c69ab4280f0d,P0030,1,427.86,427.86,2025-10-23,completed
ORD00954,aa8430f8-4f2d-4233-8e16-5b129bdc70d1,P0049,6,427.75,2566.5,2025-11-17,completed
ORD00955,46a56fe8-6f46-41b1-aace-1aa9103246b3,P0020,7,438.25,3067.75,2026-01-03,completed
ORD00956,610e6a64-e130-4617-82df-f33556666f9f,P0016,6,28.73,172.38,2026-01-31,returned
ORD00957,ab6b3f08-a9a0-44ef-ac4f-54163c749c16,P0023,9,279.15,2512.35,2025-06-01,completed
ORD00958,5e1b015f-6a1c-401b-959b-2b6b32dba028,P0050,7,158.76,1111.32,2026-01-17,cancelled
ORD00959,b1594847-5c0b-4b10-a757-cb1042f525b9,P0046,2,328.59,657.18,2026-04-05,returned
ORD00960,f63471f8-7b45-4d9c-948c-7eb41cf8570b,P0029,6,192.31,1153.86,2026-03-11,cancelled
ORD00961,37fe032c-0257-4851-a6a9-e100b509109b,P0024,4,62.5,250.0,2025-06-22,completed
ORD00962,fee543b3-6e18-4184-a29f-e85be8d91a20,P0021,1,264.49,264.49,2025-11-22,completed
ORD00963,939f44eb-be5e-415e-847c-c30b865a7766,P0034,4,149.3,597.2,2025-06-21,completed
ORD00964,f17e4a71-eb22-4c1d-8df6-ff4fadf792ff,P0034,5,99.14,495.7,2025-11-06,returned
ORD00965,74246baa-2dca-4c82-8660-a3e9736d417c,P0042,1,165.59,165.59,2026-02-03,completed
ORD00966,c550eca8-ae62-490c-99bd-4f9378ef7666,P0013,10,422.44,4224.4,2025-06-01,returned
ORD00967,33ee16e7-f5de-4eba-a1ae-a39be606d7c2,P0008,7,209.34,1465.38,2025-06-03,completed
ORD00968,33cd1d56-043d-42db-9bcb-404c21d8b96a,P0003,5,443.84,2219.2,2025-07-01,completed
ORD00969,fee543b3-6e18-4184-a29f-e85be8d91a20,P0027,5,496.07,2480.35,2025-06-15,completed
ORD00970,084a6780-9136-41f8-b310-46dc6202bee6,P0037,10,21.78,217.8,2025-11-08,completed
ORD00971,37ec07a6-4b27-4079-9c5d-3f1b54c0c6c2,P0014,4,486.27,1945.08,2026-02-22,returned
ORD00972,c4bbb7a9-d988-48dd-9c7c-737779a28903,P0005,9,106.17,955.53,2025-04-29,completed
ORD00973,aa448259-5001-4b7b-ad40-67f450032b35,P0023,8,160.09,1280.72,2026-04-10,completed
ORD00974,24d38751-6729-4d3c-8681-8a882c154804,P0020,1,354.35,354.35,2025-10-19,cancelled
ORD00975,bec7fb11-7f53-4c0a-bb0d-3cda1e639261,P0041,8,252.85,2022.8,2025-08-28,returned
ORD00976,5f70b951-1038-4676-8df1-172a46f2ff38,P0023,10,112.85,1128.5,2025-11-02,returned
ORD00977,c75ff368-5f7d-4bb1-880a-fe9f84a6d693,P0012,7,466.63,3266.41,2025-09-18,cancelled
ORD00978,f17e4a71-eb22-4c1d-8df6-ff4fadf792ff,P0024,1,40.43,40.43,2026-03-28,returned
ORD00979,6d39da75-aee7-4ab2-a1fa-8e7a078c26ce,P0013,7,191.69,1341.83,2025-04-17,completed
ORD00980,6e6a3d5b-2154-4e4a-a1cf-91fb7e81cdfa,P0025,5,15.08,75.4,2025-08-05,completed
ORD00981,925817b7-cf50-4889-a8b7-7f7b7321bf6b,P0036,3,228.77,686.31,2026-03-29,completed
ORD00982,af4637b3-c9a6-4c37-b507-8c5dcb62f5b6,P0030,8,322.33,2578.64,2025-10-24,completed
ORD00983,07f97d05-f6ca-4b8b-a4b1-f99175424646,P0048,9,328.34,2955.06,2026-01-28,completed
ORD00984,38ba8abc-4b53-45e5-97d2-582e046a0df5,P0037,4,417.94,1671.76,2025-12-14,completed
ORD00985,1036708d-d9a0-4007-9bb4-7c18b28187c4,P0044,3,390.68,1172.04,2025-09-26,completed
ORD00986,6e6a3d5b-2154-4e4a-a1cf-91fb7e81cdfa,P0012,7,474.92,3324.44,2025-11-14,returned
ORD00987,33304e33-deb0-4e7d-a99f-db02bcdd0b48,P0021,10,56.26,562.6,2025-12-27,returned
ORD00988,413e84bd-5aff-4594-80dd-8895d0154898,P0002,10,90.74,907.4,2025-10-25,cancelled
ORD00989,939f44eb-be5e-415e-847c-c30b865a7766,P0011,8,63.62,508.96,2026-04-12,returned
ORD00990,40b374f8-8c1a-42c7-9fa3-ed1f61584f88,P0010,6,225.4,1352.4,2025-08-23,completed
ORD00991,65daced0-460a-4125-bf8c-93d4c32afc4a,P0041,4,299.64,1198.56,2025-10-30,cancelled
ORD00992,64988bde-cd02-44db-ad11-15d750a46c85,P0047,5,442.71,2213.55,2025-07-02,returned
ORD00993,2dd0622e-266b-42ea-ab93-f78c620af158,P0009,2,76.61,153.22,2025-05-23,returned
ORD00994,85351a69-dabf-484e-93ff-84612a1f1b61,P0011,10,457.97,4579.7,2026-02-11,completed
ORD00995,ab6b3f08-a9a0-44ef-ac4f-54163c749c16,P0006,2,284.17,568.34,2025-07-12,completed
ORD00996,bdd640fb-0667-4ad1-9c80-317fa3b1799d,P0041,1,116.17,116.17,2025-06-24,cancelled
ORD00997,0d36f5e4-92a6-43e6-ab48-c6e694010dfe,P0024,1,205.24,205.24,2025-08-04,cancelled
ORD00998,836b15c7-e7c2-45da-b306-958845d5a68d,P0009,2,109.79,219.58,2026-02-15,completed
ORD00999,7ba109d0-8567-4805-b4f5-41c0c8c5eb2a,P0008,1,347.08,347.08,2026-04-02,returned
ORD01000,5fb8944d-de00-48aa-8439-6fc0c26e2706,P0047,5,419.0,2095.0,2025-11-23,completed
8,21.5,172.0,2025-11-23,completed
